x-axis,1,2
second,Volt,Volt
-10.00000E-06,-38.19096461E-03,-1.38693461567E+00
-9.99000E-06,-38.19096461E-03,-1.22613059729E+00
-9.98000E-06,-38.19096461E-03,-1.30653260648E+00
-9.97000E-06,-38.19096461E-03,-1.38693461567E+00
-9.96000E-06,-38.19096461E-03,-1.38693461567E+00
-9.95000E-06,-38.19096461E-03,-1.38693461567E+00
-9.94000E-06,-38.19096461E-03,-1.38693461567E+00
-9.93000E-06,-38.19096461E-03,-1.38693461567E+00
-9.92000E-06,-38.19096461E-03,-1.46733662486E+00
-9.91000E-06,-46.23116553E-03,-1.38693461567E+00
-9.90000E-06,-38.19096461E-03,-1.38693461567E+00
-9.89000E-06,-38.19096461E-03,-1.46733662486E+00
-9.88000E-06,-54.27136645E-03,-1.46733662486E+00
-9.87000E-06,-46.23116553E-03,-1.38693461567E+00
-9.86000E-06,-46.23116553E-03,-1.54773863405E+00
-9.85000E-06,-46.23116553E-03,-1.46733662486E+00
-9.84000E-06,-38.19096461E-03,-1.54773863405E+00
-9.83000E-06,-38.19096461E-03,-1.54773863405E+00
-9.82000E-06,-46.23116553E-03,-1.54773863405E+00
-9.81000E-06,-38.19096461E-03,-1.62814064324E+00
-9.80000E-06,-38.19096461E-03,-1.54773863405E+00
-9.79000E-06,-46.23116553E-03,-1.54773863405E+00
-9.78000E-06,-38.19096461E-03,-1.54773863405E+00
-9.77000E-06,-46.23116553E-03,-1.62814064324E+00
-9.76000E-06,-46.23116553E-03,-1.62814064324E+00
-9.75000E-06,-46.23116553E-03,-1.70854265243E+00
-9.74000E-06,-38.19096461E-03,-1.54773863405E+00
-9.73000E-06,-38.19096461E-03,-1.70854265243E+00
-9.72000E-06,-38.19096461E-03,-1.62814064324E+00
-9.71000E-06,-54.27136645E-03,-1.62814064324E+00
-9.70000E-06,-46.23116553E-03,-1.62814064324E+00
-9.69000E-06,-38.19096461E-03,-1.70854265243E+00
-9.68000E-06,-54.27136645E-03,-1.78894466162E+00
-9.67000E-06,-38.19096461E-03,-1.78894466162E+00
-9.66000E-06,-46.23116553E-03,-1.70854265243E+00
-9.65000E-06,-38.19096461E-03,-1.70854265243E+00
-9.64000E-06,-30.15076369E-03,-1.70854265243E+00
-9.63000E-06,-38.19096461E-03,-1.70854265243E+00
-9.62000E-06,-38.19096461E-03,-1.86934667081E+00
-9.61000E-06,-30.15076369E-03,-1.86934667081E+00
-9.60000E-06,-38.19096461E-03,-1.86934667081E+00
-9.59000E-06,-38.19096461E-03,-1.78894466162E+00
-9.58000E-06,-46.23116553E-03,-1.94974868000E+00
-9.57000E-06,-38.19096461E-03,-1.86934667081E+00
-9.56000E-06,-38.19096461E-03,-1.94974868000E+00
-9.55000E-06,-38.19096461E-03,-1.94974868000E+00
-9.54000E-06,-38.19096461E-03,-1.86934667081E+00
-9.53000E-06,-38.19096461E-03,-1.94974868000E+00
-9.52000E-06,-38.19096461E-03,-1.94974868000E+00
-9.51000E-06,-46.23116553E-03,-2.03015068918E+00
-9.50000E-06,-30.15076369E-03,-1.94974868000E+00
-9.49000E-06,-38.19096461E-03,-2.03015068918E+00
-9.48000E-06,-38.19096461E-03,-1.94974868000E+00
-9.47000E-06,-38.19096461E-03,-2.11055269837E+00
-9.46000E-06,-46.23116553E-03,-2.11055269837E+00
-9.45000E-06,-30.15076369E-03,-1.86934667081E+00
-9.44000E-06,-46.23116553E-03,-1.94974868000E+00
-9.43000E-06,-38.19096461E-03,-1.94974868000E+00
-9.42000E-06,-38.19096461E-03,-1.94974868000E+00
-9.41000E-06,-38.19096461E-03,-2.03015068918E+00
-9.40000E-06,-38.19096461E-03,-1.94974867999E+00
-9.39000E-06,-38.19096461E-03,-1.94974868000E+00
-9.38000E-06,-30.15076369E-03,-1.86934667081E+00
-9.37000E-06,-38.19096461E-03,-1.94974868000E+00
-9.36000E-06,-38.19096461E-03,-1.86934667081E+00
-9.35000E-06,-38.19096461E-03,-1.78894466162E+00
-9.34000E-06,-38.19096461E-03,-1.86934667081E+00
-9.33000E-06,-38.19096461E-03,-1.78894466162E+00
-9.32000E-06,-38.19096461E-03,-1.86934667081E+00
-9.31000E-06,-46.23116553E-03,-1.86934667081E+00
-9.30000E-06,-38.19096461E-03,-1.78894466162E+00
-9.29000E-06,-30.15076369E-03,-1.94974867999E+00
-9.28000E-06,-38.19096461E-03,-1.86934667081E+00
-9.27000E-06,-38.19096461E-03,-1.62814064324E+00
-9.26000E-06,-22.11056277E-03,-1.70854265243E+00
-9.25000E-06,-46.23116553E-03,-1.70854265243E+00
-9.24000E-06,-30.15076369E-03,-1.70854265243E+00
-9.23000E-06,-30.15076369E-03,-1.78894466162E+00
-9.22000E-06,-38.19096461E-03,-1.70854265243E+00
-9.21000E-06,-38.19096461E-03,-1.70854265243E+00
-9.20000E-06,-38.19096461E-03,-1.62814064324E+00
-9.19000E-06,-30.15076369E-03,-1.70854265243E+00
-9.18000E-06,-38.19096461E-03,-1.62814064324E+00
-9.17000E-06,-38.19096461E-03,-1.54773863405E+00
-9.16000E-06,-38.19096461E-03,-1.54773863405E+00
-9.15000E-06,-46.23116553E-03,-1.62814064324E+00
-9.14000E-06,-30.15076369E-03,-1.54773863405E+00
-9.13000E-06,-30.15076369E-03,-1.54773863405E+00
-9.12000E-06,-30.15076369E-03,-1.54773863405E+00
-9.11000E-06,-38.19096461E-03,-1.54773863405E+00
-9.10000E-06,-30.15076369E-03,-1.46733662486E+00
-9.09000E-06,-30.15076369E-03,-1.54773863405E+00
-9.08000E-06,-22.11056277E-03,-1.54773863405E+00
-9.07000E-06,-38.19096461E-03,-1.38693461567E+00
-9.06000E-06,-30.15076369E-03,-1.54773863405E+00
-9.05000E-06,-38.19096461E-03,-1.46733662486E+00
-9.04000E-06,-38.19096461E-03,-1.38693461567E+00
-9.03000E-06,-30.15076369E-03,-1.38693461567E+00
-9.02000E-06,-46.23116553E-03,-1.46733662486E+00
-9.01000E-06,-38.19096461E-03,-1.46733662486E+00
-9.00000E-06,-38.19096461E-03,-1.38693461567E+00
-8.99000E-06,-30.15076369E-03,-1.38693461567E+00
-8.98000E-06,-38.19096461E-03,-1.38693461567E+00
-8.97000E-06,-30.15076369E-03,-1.30653260648E+00
-8.96000E-06,-30.15076369E-03,-1.30653260648E+00
-8.95000E-06,-38.19096461E-03,-1.30653260648E+00
-8.94000E-06,-30.15076369E-03,-1.30653260648E+00
-8.93000E-06,-30.15076369E-03,-1.30653260648E+00
-8.92000E-06,-38.19096461E-03,-1.22613059729E+00
-8.91000E-06,-38.19096461E-03,-1.22613059729E+00
-8.90000E-06,-46.23116553E-03,-1.22613059729E+00
-8.89000E-06,-30.15076369E-03,-1.30653260648E+00
-8.88000E-06,-38.19096461E-03,-1.22613059729E+00
-8.87000E-06,-30.15076369E-03,-1.30653260648E+00
-8.86000E-06,-30.15076369E-03,-1.30653260648E+00
-8.85000E-06,-30.15076369E-03,-1.14572858810E+00
-8.84000E-06,-38.19096461E-03,-1.22613059729E+00
-8.83000E-06,-38.19096461E-03,-1.30653260648E+00
-8.82000E-06,-38.19096461E-03,-1.14572858810E+00
-8.81000E-06,-38.19096461E-03,-1.14572858810E+00
-8.80000E-06,-38.19096461E-03,-1.14572858810E+00
-8.79000E-06,-38.19096461E-03,-1.14572858810E+00
-8.78000E-06,-30.15076369E-03,-1.06532657892E+00
-8.77000E-06,-30.15076369E-03,-1.14572858810E+00
-8.76000E-06,-38.19096461E-03,-1.06532657892E+00
-8.75000E-06,-30.15076369E-03,-1.06532657892E+00
-8.74000E-06,-38.19096461E-03,-984.92456973E-03
-8.73000E-06,-38.19096461E-03,-904.52256054E-03
-8.72000E-06,-46.23116553E-03,-984.92456972E-03
-8.71000E-06,-30.15076369E-03,-904.52256054E-03
-8.70000E-06,-30.15076369E-03,-904.52256054E-03
-8.69000E-06,-38.19096461E-03,-904.52256054E-03
-8.68000E-06,-30.15076369E-03,-824.12055135E-03
-8.67000E-06,-38.19096461E-03,-984.92456973E-03
-8.66000E-06,-30.15076369E-03,-824.12055135E-03
-8.65000E-06,-38.19096461E-03,-904.52256054E-03
-8.64000E-06,-30.15076369E-03,-743.71854216E-03
-8.63000E-06,-30.15076369E-03,-904.52256054E-03
-8.62000E-06,-46.23116553E-03,-904.52256054E-03
-8.61000E-06,-38.19096461E-03,-824.12055135E-03
-8.60000E-06,-46.23116553E-03,-824.12055135E-03
-8.59000E-06,-38.19096461E-03,-824.12055135E-03
-8.58000E-06,-22.11056277E-03,-904.52256054E-03
-8.57000E-06,-38.19096461E-03,-743.71854216E-03
-8.56000E-06,-38.19096461E-03,-743.71854216E-03
-8.55000E-06,-30.15076369E-03,-824.12055135E-03
-8.54000E-06,-46.23116553E-03,-743.71854216E-03
-8.53000E-06,-38.19096461E-03,-663.31653297E-03
-8.52000E-06,-22.11056277E-03,-663.31653297E-03
-8.51000E-06,-46.23116553E-03,-582.91452378E-03
-8.50000E-06,-38.19096461E-03,-663.31653297E-03
-8.49000E-06,-46.23116553E-03,-824.12055135E-03
-8.48000E-06,-46.23116553E-03,-582.91452378E-03
-8.47000E-06,-38.19096461E-03,-582.91452378E-03
-8.46000E-06,-46.23116553E-03,-582.91452378E-03
-8.45000E-06,-46.23116553E-03,-743.71854216E-03
-8.44000E-06,-46.23116553E-03,-502.51251459E-03
-8.43000E-06,-30.15076369E-03,-582.91452378E-03
-8.42000E-06,-46.23116553E-03,-422.11050540E-03
-8.41000E-06,-30.15076369E-03,-502.51251459E-03
-8.40000E-06,-46.23116553E-03,-582.91452378E-03
-8.39000E-06,-38.19096461E-03,-502.51251459E-03
-8.38000E-06,-38.19096461E-03,-502.51251459E-03
-8.37000E-06,-46.23116553E-03,-502.51251459E-03
-8.36000E-06,-46.23116553E-03,-422.11050540E-03
-8.35000E-06,-38.19096461E-03,-422.11050540E-03
-8.34000E-06,-30.15076369E-03,-422.11050540E-03
-8.33000E-06,-38.19096461E-03,-341.70849621E-03
-8.32000E-06,-38.19096461E-03,-341.70849621E-03
-8.31000E-06,-46.23116553E-03,-422.11050540E-03
-8.30000E-06,-38.19096461E-03,-502.51251459E-03
-8.29000E-06,-30.15076369E-03,-341.70849621E-03
-8.28000E-06,-38.19096461E-03,-261.30648702E-03
-8.27000E-06,-46.23116553E-03,-341.70849622E-03
-8.26000E-06,-38.19096461E-03,-261.30648702E-03
-8.25000E-06,-38.19096461E-03,-341.70849621E-03
-8.24000E-06,-46.23116553E-03,-261.30648702E-03
-8.23000E-06,-38.19096461E-03,-341.70849621E-03
-8.22000E-06,-38.19096461E-03,-180.90447784E-03
-8.21000E-06,-46.23116553E-03,-261.30648702E-03
-8.20000E-06,-38.19096461E-03,-261.30648702E-03
-8.19000E-06,-38.19096461E-03,-261.30648703E-03
-8.18000E-06,-46.23116553E-03,-261.30648702E-03
-8.17000E-06,-54.27136645E-03,-180.90447783E-03
-8.16000E-06,-46.23116553E-03,-180.90447783E-03
-8.15000E-06,-46.23116553E-03,-180.90447783E-03
-8.14000E-06,-38.19096461E-03,-100.50246865E-03
-8.13000E-06,-46.23116553E-03,-180.90447783E-03
-8.12000E-06,-54.27136645E-03,-100.50246865E-03
-8.11000E-06,-46.23116553E-03,-100.50246865E-03
-8.10000E-06,-54.27136645E-03,-100.50246865E-03
-8.09000E-06,-38.19096461E-03,-100.50246865E-03
-8.08000E-06,-54.27136645E-03,-180.90447783E-03
-8.07000E-06,-46.23116553E-03,-100.50246865E-03
-8.06000E-06,-38.19096461E-03,-100.50246865E-03
-8.05000E-06,-46.23116553E-03,-100.50246865E-03
-8.04000E-06,-46.23116553E-03,-20.10045946E-03
-8.03000E-06,-46.23116553E-03,-20.10045946E-03
-8.02000E-06,-54.27136645E-03,-20.10045945E-03
-8.01000E-06,-54.27136645E-03,+60.30154973E-03
-8.00000E-06,-54.27136645E-03,+60.30154973E-03
-7.99000E-06,-46.23116553E-03,+60.30154973E-03
-7.98000E-06,-62.31156737E-03,-20.10045946E-03
-7.97000E-06,-46.23116553E-03,-20.10045945E-03
-7.96000E-06,-54.27136645E-03,+140.70355892E-03
-7.95000E-06,-54.27136645E-03,+221.10556811E-03
-7.94000E-06,-46.23116553E-03,+60.30154973E-03
-7.93000E-06,-54.27136645E-03,+140.70355892E-03
-7.92000E-06,-62.31156737E-03,+140.70355892E-03
-7.91000E-06,-62.31156737E-03,+140.70355892E-03
-7.90000E-06,-54.27136645E-03,+140.70355892E-03
-7.89000E-06,-46.23116553E-03,+140.70355892E-03
-7.88000E-06,-46.23116553E-03,+221.10556811E-03
-7.87000E-06,-46.23116553E-03,+221.10556811E-03
-7.86000E-06,-46.23116553E-03,+140.70355892E-03
-7.85000E-06,-38.19096461E-03,+221.10556811E-03
-7.84000E-06,-38.19096461E-03,+140.70355892E-03
-7.83000E-06,-38.19096461E-03,+221.10556811E-03
-7.82000E-06,-30.15076369E-03,+221.10556811E-03
-7.81000E-06,-22.11056277E-03,+381.90958649E-03
-7.80000E-06,-30.15076369E-03,+301.50757730E-03
-7.79000E-06,-14.07036185E-03,+381.90958649E-03
-7.78000E-06,-14.07036185E-03,+221.10556811E-03
-7.77000E-06,-6.03016093E-03,+301.50757730E-03
-7.76000E-06,+2.01003999E-03,+381.90958649E-03
-7.75000E-06,+10.05024090E-03,+301.50757730E-03
-7.74000E-06,+10.05024090E-03,+381.90958649E-03
-7.73000E-06,+10.05024090E-03,+381.90958649E-03
-7.72000E-06,+10.05024090E-03,+381.90958649E-03
-7.71000E-06,+10.05024090E-03,+381.90958649E-03
-7.70000E-06,+18.09044182E-03,+462.31159568E-03
-7.69000E-06,+26.13064274E-03,+542.71360486E-03
-7.68000E-06,+26.13064274E-03,+462.31159568E-03
-7.67000E-06,+26.13064274E-03,+381.90958649E-03
-7.66000E-06,+34.17084366E-03,+462.31159568E-03
-7.65000E-06,+34.17084366E-03,+462.31159568E-03
-7.64000E-06,+34.17084366E-03,+462.31159568E-03
-7.63000E-06,+42.21104458E-03,+462.31159567E-03
-7.62000E-06,+50.25124550E-03,+623.11561406E-03
-7.61000E-06,+50.25124550E-03,+623.11561406E-03
-7.60000E-06,+42.21104458E-03,+623.11561406E-03
-7.59000E-06,+50.25124550E-03,+623.11561406E-03
-7.58000E-06,+50.25124550E-03,+623.11561406E-03
-7.57000E-06,+42.21104458E-03,+623.11561406E-03
-7.56000E-06,+42.21104458E-03,+542.71360487E-03
-7.55000E-06,+50.25124550E-03,+623.11561406E-03
-7.54000E-06,+50.25124550E-03,+703.51762325E-03
-7.53000E-06,+58.29144642E-03,+703.51762325E-03
-7.52000E-06,+50.25124550E-03,+542.71360487E-03
-7.51000E-06,+50.25124550E-03,+703.51762325E-03
-7.50000E-06,+58.29144642E-03,+703.51762325E-03
-7.49000E-06,+42.21104458E-03,+703.51762325E-03
-7.48000E-06,+50.25124550E-03,+783.91963243E-03
-7.47000E-06,+58.29144642E-03,+703.51762325E-03
-7.46000E-06,+58.29144642E-03,+703.51762325E-03
-7.45000E-06,+66.33164734E-03,+783.91963243E-03
-7.44000E-06,+66.33164734E-03,+783.91963243E-03
-7.43000E-06,+58.29144642E-03,+703.51762325E-03
-7.42000E-06,+58.29144642E-03,+783.91963243E-03
-7.41000E-06,+50.25124550E-03,+864.32164162E-03
-7.40000E-06,+58.29144642E-03,+864.32164162E-03
-7.39000E-06,+42.21104458E-03,+944.72365081E-03
-7.38000E-06,+50.25124550E-03,+783.91963243E-03
-7.37000E-06,+58.29144642E-03,+944.72365081E-03
-7.36000E-06,+58.29144642E-03,+944.72365082E-03
-7.35000E-06,+58.29144642E-03,+864.32164162E-03
-7.34000E-06,+66.33164734E-03,+944.72365081E-03
-7.33000E-06,+58.29144642E-03,+864.32164162E-03
-7.32000E-06,+50.25124550E-03,+944.72365081E-03
-7.31000E-06,+50.25124550E-03,+944.72365081E-03
-7.30000E-06,+58.29144642E-03,+944.72365081E-03
-7.29000E-06,+66.33164734E-03,+1.02512566000E+00
-7.28000E-06,+58.29144642E-03,+1.02512566000E+00
-7.27000E-06,+58.29144642E-03,+944.72365082E-03
-7.26000E-06,+50.25124550E-03,+1.02512566000E+00
-7.25000E-06,+50.25124550E-03,+1.10552766919E+00
-7.24000E-06,+50.25124550E-03,+1.10552766920E+00
-7.23000E-06,+58.29144642E-03,+1.02512566000E+00
-7.22000E-06,+50.25124550E-03,+1.18592967838E+00
-7.21000E-06,+58.29144642E-03,+1.10552766919E+00
-7.20000E-06,+58.29144642E-03,+1.02512566000E+00
-7.19000E-06,+42.21104458E-03,+1.10552766919E+00
-7.18000E-06,+50.25124550E-03,+1.18592967838E+00
-7.17000E-06,+50.25124550E-03,+1.18592967838E+00
-7.16000E-06,+42.21104458E-03,+1.18592967838E+00
-7.15000E-06,+58.29144642E-03,+1.18592967838E+00
-7.14000E-06,+58.29144642E-03,+1.26633168757E+00
-7.13000E-06,+58.29144642E-03,+1.26633168757E+00
-7.12000E-06,+50.25124550E-03,+1.26633168757E+00
-7.11000E-06,+50.25124550E-03,+1.18592967838E+00
-7.10000E-06,+50.25124550E-03,+1.18592967838E+00
-7.09000E-06,+50.25124550E-03,+1.34673369676E+00
-7.08000E-06,+50.25124550E-03,+1.26633168757E+00
-7.07000E-06,+50.25124550E-03,+1.34673369676E+00
-7.06000E-06,+50.25124550E-03,+1.34673369676E+00
-7.05000E-06,+50.25124550E-03,+1.34673369676E+00
-7.04000E-06,+58.29144642E-03,+1.34673369676E+00
-7.03000E-06,+50.25124550E-03,+1.34673369675E+00
-7.02000E-06,+50.25124550E-03,+1.34673369676E+00
-7.01000E-06,+50.25124550E-03,+1.42713570595E+00
-7.00000E-06,+42.21104458E-03,+1.42713570595E+00
-6.99000E-06,+50.25124550E-03,+1.50753771514E+00
-6.98000E-06,+42.21104458E-03,+1.42713570595E+00
-6.97000E-06,+50.25124550E-03,+1.42713570595E+00
-6.96000E-06,+50.25124550E-03,+1.50753771514E+00
-6.95000E-06,+50.25124550E-03,+1.50753771513E+00
-6.94000E-06,+50.25124550E-03,+1.58793972433E+00
-6.93000E-06,+50.25124550E-03,+1.58793972433E+00
-6.92000E-06,+34.17084366E-03,+1.50753771514E+00
-6.91000E-06,+50.25124550E-03,+1.58793972432E+00
-6.90000E-06,+58.29144642E-03,+1.50753771514E+00
-6.89000E-06,+50.25124550E-03,+1.58793972433E+00
-6.88000E-06,+42.21104458E-03,+1.58793972433E+00
-6.87000E-06,+50.25124550E-03,+1.58793972433E+00
-6.86000E-06,+50.25124550E-03,+1.58793972433E+00
-6.85000E-06,+58.29144642E-03,+1.66834173352E+00
-6.84000E-06,+42.21104458E-03,+1.58793972433E+00
-6.83000E-06,+50.25124550E-03,+1.58793972433E+00
-6.82000E-06,+42.21104458E-03,+1.66834173352E+00
-6.81000E-06,+50.25124550E-03,+1.74874374270E+00
-6.80000E-06,+34.17084366E-03,+1.74874374270E+00
-6.79000E-06,+50.25124550E-03,+1.74874374270E+00
-6.78000E-06,+42.21104458E-03,+1.74874374271E+00
-6.77000E-06,+50.25124550E-03,+1.90954776108E+00
-6.76000E-06,+42.21104458E-03,+1.66834173352E+00
-6.75000E-06,+50.25124550E-03,+1.66834173352E+00
-6.74000E-06,+42.21104458E-03,+1.74874374270E+00
-6.73000E-06,+58.29144642E-03,+1.66834173352E+00
-6.72000E-06,+42.21104458E-03,+1.74874374271E+00
-6.71000E-06,+50.25124550E-03,+1.82914575189E+00
-6.70000E-06,+50.25124550E-03,+1.82914575189E+00
-6.69000E-06,+34.17084366E-03,+1.82914575190E+00
-6.68000E-06,+50.25124550E-03,+1.74874374270E+00
-6.67000E-06,+42.21104458E-03,+1.82914575189E+00
-6.66000E-06,+50.25124550E-03,+1.90954776108E+00
-6.65000E-06,+34.17084366E-03,+1.90954776108E+00
-6.64000E-06,+42.21104458E-03,+1.90954776108E+00
-6.63000E-06,+42.21104458E-03,+1.82914575189E+00
-6.62000E-06,+50.25124550E-03,+1.74874374270E+00
-6.61000E-06,+50.25124550E-03,+1.90954776108E+00
-6.60000E-06,+50.25124550E-03,+1.82914575190E+00
-6.59000E-06,+50.25124550E-03,+1.66834173352E+00
-6.58000E-06,+50.25124550E-03,+1.74874374270E+00
-6.57000E-06,+50.25124550E-03,+1.82914575189E+00
-6.56000E-06,+50.25124550E-03,+1.74874374270E+00
-6.55000E-06,+50.25124550E-03,+1.82914575189E+00
-6.54000E-06,+50.25124550E-03,+1.66834173352E+00
-6.53000E-06,+42.21104458E-03,+1.74874374271E+00
-6.52000E-06,+50.25124550E-03,+1.74874374271E+00
-6.51000E-06,+34.17084366E-03,+1.66834173352E+00
-6.50000E-06,+42.21104458E-03,+1.66834173352E+00
-6.49000E-06,+42.21104458E-03,+1.58793972433E+00
-6.48000E-06,+42.21104458E-03,+1.66834173352E+00
-6.47000E-06,+34.17084366E-03,+1.66834173352E+00
-6.46000E-06,+42.21104458E-03,+1.66834173352E+00
-6.45000E-06,+42.21104458E-03,+1.66834173352E+00
-6.44000E-06,+34.17084366E-03,+1.66834173352E+00
-6.43000E-06,+42.21104458E-03,+1.58793972433E+00
-6.42000E-06,+42.21104458E-03,+1.58793972433E+00
-6.41000E-06,+34.17084366E-03,+1.50753771514E+00
-6.40000E-06,+34.17084366E-03,+1.58793972433E+00
-6.39000E-06,+26.13064274E-03,+1.50753771514E+00
-6.38000E-06,+26.13064274E-03,+1.42713570595E+00
-6.37000E-06,+26.13064274E-03,+1.50753771514E+00
-6.36000E-06,+26.13064274E-03,+1.58793972432E+00
-6.35000E-06,+26.13064274E-03,+1.50753771514E+00
-6.34000E-06,+18.09044182E-03,+1.42713570595E+00
-6.33000E-06,+26.13064274E-03,+1.42713570595E+00
-6.32000E-06,+18.09044182E-03,+1.42713570595E+00
-6.31000E-06,+26.13064274E-03,+1.34673369676E+00
-6.30000E-06,+26.13064274E-03,+1.42713570595E+00
-6.29000E-06,+26.13064274E-03,+1.42713570595E+00
-6.28000E-06,+26.13064274E-03,+1.42713570595E+00
-6.27000E-06,+18.09044182E-03,+1.34673369676E+00
-6.26000E-06,+18.09044182E-03,+1.34673369675E+00
-6.25000E-06,+18.09044182E-03,+1.34673369676E+00
-6.24000E-06,+18.09044182E-03,+1.18592967838E+00
-6.23000E-06,+18.09044182E-03,+1.18592967838E+00
-6.22000E-06,+18.09044182E-03,+1.34673369676E+00
-6.21000E-06,+18.09044182E-03,+1.26633168757E+00
-6.20000E-06,+10.05024090E-03,+1.26633168757E+00
-6.19000E-06,+26.13064274E-03,+1.26633168757E+00
-6.18000E-06,+26.13064274E-03,+1.18592967838E+00
-6.17000E-06,+18.09044182E-03,+1.18592967838E+00
-6.16000E-06,+18.09044182E-03,+1.10552766920E+00
-6.15000E-06,+18.09044182E-03,+1.10552766919E+00
-6.14000E-06,+18.09044182E-03,+1.10552766919E+00
-6.13000E-06,+18.09044182E-03,+1.10552766919E+00
-6.12000E-06,+26.13064274E-03,+1.26633168756E+00
-6.11000E-06,+26.13064274E-03,+1.10552766919E+00
-6.10000E-06,+18.09044182E-03,+1.18592967838E+00
-6.09000E-06,+18.09044182E-03,+1.10552766919E+00
-6.08000E-06,+26.13064274E-03,+1.10552766919E+00
-6.07000E-06,+18.09044182E-03,+1.02512566000E+00
-6.06000E-06,+18.09044182E-03,+944.72365081E-03
-6.05000E-06,+18.09044182E-03,+1.02512566000E+00
-6.04000E-06,+26.13064274E-03,+1.10552766919E+00
-6.03000E-06,+18.09044182E-03,+944.72365081E-03
-6.02000E-06,+26.13064274E-03,+1.02512566000E+00
-6.01000E-06,+26.13064274E-03,+944.72365081E-03
-6.00000E-06,+26.13064274E-03,+944.72365081E-03
-5.99000E-06,+26.13064274E-03,+1.02512566000E+00
-5.98000E-06,+26.13064274E-03,+783.91963244E-03
-5.97000E-06,+26.13064274E-03,+1.02512566000E+00
-5.96000E-06,+26.13064274E-03,+864.32164162E-03
-5.95000E-06,+26.13064274E-03,+864.32164162E-03
-5.94000E-06,+34.17084366E-03,+944.72365081E-03
-5.93000E-06,+34.17084366E-03,+864.32164162E-03
-5.92000E-06,+42.21104458E-03,+944.72365081E-03
-5.91000E-06,+34.17084366E-03,+864.32164162E-03
-5.90000E-06,+26.13064274E-03,+703.51762325E-03
-5.89000E-06,+34.17084366E-03,+864.32164162E-03
-5.88000E-06,+34.17084366E-03,+783.91963243E-03
-5.87000E-06,+34.17084366E-03,+864.32164162E-03
-5.86000E-06,+34.17084366E-03,+623.11561406E-03
-5.85000E-06,+42.21104458E-03,+703.51762324E-03
-5.84000E-06,+34.17084366E-03,+783.91963243E-03
-5.83000E-06,+42.21104458E-03,+783.91963243E-03
-5.82000E-06,+42.21104458E-03,+783.91963243E-03
-5.81000E-06,+50.25124550E-03,+703.51762325E-03
-5.80000E-06,+42.21104458E-03,+703.51762325E-03
-5.79000E-06,+42.21104458E-03,+703.51762325E-03
-5.78000E-06,+50.25124550E-03,+623.11561406E-03
-5.77000E-06,+42.21104458E-03,+703.51762325E-03
-5.76000E-06,+34.17084366E-03,+703.51762325E-03
-5.75000E-06,+50.25124550E-03,+623.11561406E-03
-5.74000E-06,+50.25124550E-03,+542.71360487E-03
-5.73000E-06,+58.29144642E-03,+542.71360487E-03
-5.72000E-06,+50.25124550E-03,+542.71360487E-03
-5.71000E-06,+58.29144642E-03,+623.11561406E-03
-5.70000E-06,+58.29144642E-03,+542.71360487E-03
-5.69000E-06,+58.29144642E-03,+542.71360487E-03
-5.68000E-06,+66.33164734E-03,+623.11561406E-03
-5.67000E-06,+74.37184826E-03,+462.31159568E-03
-5.66000E-06,+66.33164734E-03,+542.71360487E-03
-5.65000E-06,+66.33164734E-03,+462.31159568E-03
-5.64000E-06,+58.29144642E-03,+462.31159568E-03
-5.63000E-06,+74.37184826E-03,+462.31159568E-03
-5.62000E-06,+82.41204917E-03,+462.31159567E-03
-5.61000E-06,+74.37184826E-03,+381.90958649E-03
-5.60000E-06,+82.41204917E-03,+381.90958649E-03
-5.59000E-06,+74.37184826E-03,+381.90958648E-03
-5.58000E-06,+90.45225009E-03,+381.90958648E-03
-5.57000E-06,+90.45225009E-03,+381.90958649E-03
-5.56000E-06,+82.41204917E-03,+381.90958649E-03
-5.55000E-06,+90.45225009E-03,+301.50757730E-03
-5.54000E-06,+90.45225009E-03,+301.50757730E-03
-5.53000E-06,+98.49245101E-03,+381.90958649E-03
-5.52000E-06,+90.45225009E-03,+301.50757730E-03
-5.51000E-06,+90.45225009E-03,+381.90958649E-03
-5.50000E-06,+98.49245101E-03,+221.10556811E-03
-5.49000E-06,+106.53265193E-03,+221.10556811E-03
-5.48000E-06,+106.53265193E-03,+140.70355892E-03
-5.47000E-06,+114.57285285E-03,+221.10556811E-03
-5.46000E-06,+106.53265193E-03,+221.10556811E-03
-5.45000E-06,+106.53265193E-03,+221.10556811E-03
-5.44000E-06,+114.57285285E-03,+140.70355892E-03
-5.43000E-06,+114.57285285E-03,+221.10556811E-03
-5.42000E-06,+114.57285285E-03,+60.30154973E-03
-5.41000E-06,+122.61305377E-03,+140.70355892E-03
-5.40000E-06,+114.57285285E-03,+140.70355892E-03
-5.39000E-06,+122.61305377E-03,+60.30154973E-03
-5.38000E-06,+122.61305377E-03,+140.70355892E-03
-5.37000E-06,+130.65325469E-03,+140.70355892E-03
-5.36000E-06,+130.65325469E-03,+60.30154973E-03
-5.35000E-06,+130.65325469E-03,+140.70355892E-03
-5.34000E-06,+138.69345561E-03,-20.10045945E-03
-5.33000E-06,+138.69345561E-03,-20.10045945E-03
-5.32000E-06,+138.69345561E-03,-20.10045946E-03
-5.31000E-06,+138.69345561E-03,+60.30154973E-03
-5.30000E-06,+154.77385744E-03,+60.30154973E-03
-5.29000E-06,+146.73365653E-03,-20.10045946E-03
-5.28000E-06,+146.73365653E-03,-20.10045946E-03
-5.27000E-06,+138.69345561E-03,-100.50246865E-03
-5.26000E-06,+146.73365653E-03,-100.50246865E-03
-5.25000E-06,+154.77385744E-03,-100.50246865E-03
-5.24000E-06,+146.73365653E-03,-20.10045946E-03
-5.23000E-06,+154.77385744E-03,-100.50246865E-03
-5.22000E-06,+146.73365653E-03,-180.90447783E-03
-5.21000E-06,+154.77385745E-03,-100.50246865E-03
-5.20000E-06,+146.73365653E-03,-100.50246865E-03
-5.19000E-06,+154.77385744E-03,-261.30648702E-03
-5.18000E-06,+146.73365653E-03,-261.30648702E-03
-5.17000E-06,+154.77385744E-03,-261.30648702E-03
-5.16000E-06,+146.73365653E-03,-180.90447783E-03
-5.15000E-06,+154.77385744E-03,-180.90447783E-03
-5.14000E-06,+138.69345561E-03,-261.30648702E-03
-5.13000E-06,+146.73365653E-03,-261.30648702E-03
-5.12000E-06,+130.65325469E-03,-341.70849621E-03
-5.11000E-06,+138.69345561E-03,-341.70849621E-03
-5.10000E-06,+130.65325469E-03,-261.30648702E-03
-5.09000E-06,+130.65325469E-03,-261.30648702E-03
-5.08000E-06,+122.61305377E-03,-422.11050539E-03
-5.07000E-06,+122.61305377E-03,-341.70849621E-03
-5.06000E-06,+122.61305377E-03,-261.30648702E-03
-5.05000E-06,+114.57285285E-03,-422.11050540E-03
-5.04000E-06,+114.57285285E-03,-341.70849621E-03
-5.03000E-06,+114.57285285E-03,-341.70849621E-03
-5.02000E-06,+106.53265193E-03,-341.70849621E-03
-5.01000E-06,+106.53265193E-03,-422.11050540E-03
-5.00000E-06,+114.57285285E-03,-422.11050540E-03
-4.99000E-06,+98.49245101E-03,-422.11050540E-03
-4.98000E-06,+90.45225009E-03,-261.30648702E-03
-4.97000E-06,+98.49245101E-03,-341.70849621E-03
-4.96000E-06,+90.45225009E-03,-422.11050540E-03
-4.95000E-06,+90.45225009E-03,-502.51251459E-03
-4.94000E-06,+82.41204917E-03,-422.11050540E-03
-4.93000E-06,+90.45225009E-03,-502.51251459E-03
-4.92000E-06,+82.41204917E-03,-502.51251459E-03
-4.91000E-06,+82.41204917E-03,-502.51251460E-03
-4.90000E-06,+74.37184826E-03,-502.51251459E-03
-4.89000E-06,+74.37184826E-03,-422.11050540E-03
-4.88000E-06,+66.33164734E-03,-582.91452378E-03
-4.87000E-06,+66.33164734E-03,-502.51251459E-03
-4.86000E-06,+66.33164734E-03,-663.31653296E-03
-4.85000E-06,+58.29144642E-03,-663.31653297E-03
-4.84000E-06,+50.25124550E-03,-582.91452378E-03
-4.83000E-06,+58.29144642E-03,-743.71854215E-03
-4.82000E-06,+42.21104458E-03,-663.31653297E-03
-4.81000E-06,+50.25124550E-03,-663.31653297E-03
-4.80000E-06,+50.25124550E-03,-743.71854215E-03
-4.79000E-06,+42.21104458E-03,-824.12055135E-03
-4.78000E-06,+42.21104458E-03,-743.71854216E-03
-4.77000E-06,+34.17084366E-03,-743.71854216E-03
-4.76000E-06,+34.17084366E-03,-663.31653297E-03
-4.75000E-06,+42.21104458E-03,-743.71854216E-03
-4.74000E-06,+26.13064274E-03,-824.12055135E-03
-4.73000E-06,+34.17084366E-03,-743.71854216E-03
-4.72000E-06,+26.13064274E-03,-743.71854216E-03
-4.71000E-06,+26.13064274E-03,-824.12055135E-03
-4.70000E-06,+34.17084366E-03,-824.12055135E-03
-4.69000E-06,+18.09044182E-03,-984.92456973E-03
-4.68000E-06,+18.09044182E-03,-904.52256054E-03
-4.67000E-06,+10.05024090E-03,-904.52256054E-03
-4.66000E-06,+10.05024090E-03,-984.92456973E-03
-4.65000E-06,+18.09044182E-03,-904.52256054E-03
-4.64000E-06,+2.01003999E-03,-984.92456973E-03
-4.63000E-06,+2.01003999E-03,-904.52256054E-03
-4.62000E-06,+2.01003999E-03,-904.52256055E-03
-4.61000E-06,+2.01003999E-03,-984.92456973E-03
-4.60000E-06,-6.03016093E-03,-1.06532657892E+00
-4.59000E-06,-6.03016093E-03,-1.06532657892E+00
-4.58000E-06,+2.01003999E-03,-984.92456973E-03
-4.57000E-06,-14.07036185E-03,-1.06532657892E+00
-4.56000E-06,-6.03016093E-03,-1.06532657891E+00
-4.55000E-06,-14.07036185E-03,-1.06532657892E+00
-4.54000E-06,-6.03016093E-03,-1.06532657892E+00
-4.53000E-06,-22.11056277E-03,-1.06532657892E+00
-4.52000E-06,-22.11056277E-03,-1.22613059729E+00
-4.51000E-06,-6.03016093E-03,-1.14572858810E+00
-4.50000E-06,-22.11056277E-03,-1.14572858810E+00
-4.49000E-06,-14.07036185E-03,-1.22613059728E+00
-4.48000E-06,-30.15076369E-03,-1.22613059729E+00
-4.47000E-06,-22.11056277E-03,-1.14572858810E+00
-4.46000E-06,-30.15076369E-03,-1.14572858811E+00
-4.45000E-06,-38.19096461E-03,-1.30653260648E+00
-4.44000E-06,-30.15076369E-03,-1.22613059729E+00
-4.43000E-06,-22.11056277E-03,-1.22613059729E+00
-4.42000E-06,-30.15076369E-03,-1.22613059729E+00
-4.41000E-06,-30.15076369E-03,-1.14572858811E+00
-4.40000E-06,-30.15076369E-03,-1.22613059729E+00
-4.39000E-06,-46.23116553E-03,-1.30653260648E+00
-4.38000E-06,-22.11056277E-03,-1.30653260648E+00
-4.37000E-06,-30.15076369E-03,-1.38693461566E+00
-4.36000E-06,-30.15076369E-03,-1.38693461566E+00
-4.35000E-06,-38.19096461E-03,-1.22613059729E+00
-4.34000E-06,-30.15076369E-03,-1.38693461567E+00
-4.33000E-06,-38.19096461E-03,-1.30653260648E+00
-4.32000E-06,-38.19096461E-03,-1.38693461567E+00
-4.31000E-06,-46.23116553E-03,-1.54773863404E+00
-4.30000E-06,-30.15076369E-03,-1.38693461567E+00
-4.29000E-06,-46.23116553E-03,-1.38693461567E+00
-4.28000E-06,-38.19096461E-03,-1.46733662486E+00
-4.27000E-06,-38.19096461E-03,-1.38693461567E+00
-4.26000E-06,-38.19096461E-03,-1.54773863406E+00
-4.25000E-06,-38.19096461E-03,-1.46733662486E+00
-4.24000E-06,-38.19096461E-03,-1.38693461566E+00
-4.23000E-06,-38.19096461E-03,-1.62814064324E+00
-4.22000E-06,-38.19096461E-03,-1.46733662486E+00
-4.21000E-06,-30.15076369E-03,-1.38693461568E+00
-4.20000E-06,-46.23116553E-03,-1.38693461567E+00
-4.19000E-06,-38.19096461E-03,-1.54773863405E+00
-4.18000E-06,-46.23116553E-03,-1.54773863405E+00
-4.17000E-06,-38.19096461E-03,-1.54773863405E+00
-4.16000E-06,-38.19096461E-03,-1.62814064324E+00
-4.15000E-06,-30.15076369E-03,-1.70854265242E+00
-4.14000E-06,-38.19096461E-03,-1.78894466162E+00
-4.13000E-06,-46.23116553E-03,-1.62814064324E+00
-4.12000E-06,-38.19096461E-03,-1.62814064324E+00
-4.11000E-06,-46.23116553E-03,-1.70854265243E+00
-4.10000E-06,-46.23116553E-03,-1.78894466162E+00
-4.09000E-06,-38.19096461E-03,-1.70854265243E+00
-4.08000E-06,-38.19096461E-03,-1.70854265243E+00
-4.07000E-06,-30.15076369E-03,-1.70854265243E+00
-4.06000E-06,-46.23116553E-03,-1.86934667080E+00
-4.05000E-06,-38.19096461E-03,-1.78894466162E+00
-4.04000E-06,-38.19096461E-03,-1.78894466162E+00
-4.03000E-06,-46.23116553E-03,-1.78894466162E+00
-4.02000E-06,-46.23116553E-03,-1.70854265243E+00
-4.01000E-06,-38.19096461E-03,-1.86934667081E+00
-4.00000E-06,-46.23116553E-03,-1.78894466162E+00
-3.99000E-06,-38.19096461E-03,-1.86934667081E+00
-3.98000E-06,-46.23116553E-03,-1.78894466162E+00
-3.97000E-06,-38.19096461E-03,-1.86934667081E+00
-3.96000E-06,-30.15076369E-03,-1.94974867999E+00
-3.95000E-06,-46.23116553E-03,-1.94974868000E+00
-3.94000E-06,-38.19096461E-03,-1.86934667081E+00
-3.93000E-06,-30.15076369E-03,-1.86934667081E+00
-3.92000E-06,-46.23116553E-03,-2.03015068918E+00
-3.91000E-06,-38.19096461E-03,-1.86934667081E+00
-3.90000E-06,-38.19096461E-03,-2.03015068918E+00
-3.89000E-06,-38.19096461E-03,-2.03015068918E+00
-3.88000E-06,-38.19096461E-03,-1.94974868000E+00
-3.87000E-06,-46.23116553E-03,-1.78894466163E+00
-3.86000E-06,-38.19096461E-03,-2.03015068918E+00
-3.85000E-06,-30.15076369E-03,-2.03015068918E+00
-3.84000E-06,-38.19096461E-03,-1.94974868000E+00
-3.83000E-06,-38.19096461E-03,-2.03015068918E+00
-3.82000E-06,-46.23116553E-03,-1.94974868000E+00
-3.81000E-06,-46.23116553E-03,-2.03015068918E+00
-3.80000E-06,-38.19096461E-03,-1.94974868000E+00
-3.79000E-06,-46.23116553E-03,-2.03015068918E+00
-3.78000E-06,-30.15076369E-03,-1.94974868000E+00
-3.77000E-06,-30.15076369E-03,-1.86934667081E+00
-3.76000E-06,-46.23116553E-03,-1.86934667081E+00
-3.75000E-06,-38.19096461E-03,-2.03015068918E+00
-3.74000E-06,-46.23116553E-03,-1.86934667081E+00
-3.73000E-06,-46.23116553E-03,-1.94974868000E+00
-3.72000E-06,-46.23116553E-03,-1.86934667081E+00
-3.71000E-06,-38.19096461E-03,-1.86934667081E+00
-3.70000E-06,-38.19096461E-03,-1.78894466162E+00
-3.69000E-06,-30.15076369E-03,-1.78894466163E+00
-3.68000E-06,-38.19096461E-03,-1.86934667081E+00
-3.67000E-06,-38.19096461E-03,-1.78894466162E+00
-3.66000E-06,-38.19096461E-03,-1.78894466162E+00
-3.65000E-06,-38.19096461E-03,-1.70854265243E+00
-3.64000E-06,-38.19096461E-03,-1.70854265243E+00
-3.63000E-06,-38.19096461E-03,-1.70854265243E+00
-3.62000E-06,-46.23116553E-03,-1.70854265242E+00
-3.61000E-06,-38.19096461E-03,-1.70854265243E+00
-3.60000E-06,-38.19096461E-03,-1.62814064325E+00
-3.59000E-06,-38.19096461E-03,-1.62814064324E+00
-3.58000E-06,-38.19096461E-03,-1.62814064324E+00
-3.57000E-06,-30.15076369E-03,-1.62814064324E+00
-3.56000E-06,-38.19096461E-03,-1.54773863405E+00
-3.55000E-06,-46.23116553E-03,-1.54773863406E+00
-3.54000E-06,-38.19096461E-03,-1.54773863405E+00
-3.53000E-06,-30.15076369E-03,-1.62814064324E+00
-3.52000E-06,-38.19096461E-03,-1.54773863405E+00
-3.51000E-06,-30.15076369E-03,-1.46733662486E+00
-3.50000E-06,-30.15076369E-03,-1.46733662486E+00
-3.49000E-06,-46.23116553E-03,-1.54773863405E+00
-3.48000E-06,-46.23116553E-03,-1.46733662486E+00
-3.47000E-06,-46.23116553E-03,-1.54773863405E+00
-3.46000E-06,-30.15076369E-03,-1.54773863405E+00
-3.45000E-06,-46.23116553E-03,-1.38693461567E+00
-3.44000E-06,-38.19096461E-03,-1.38693461567E+00
-3.43000E-06,-46.23116553E-03,-1.46733662486E+00
-3.42000E-06,-38.19096461E-03,-1.46733662486E+00
-3.41000E-06,-38.19096461E-03,-1.38693461567E+00
-3.40000E-06,-38.19096461E-03,-1.38693461567E+00
-3.39000E-06,-46.23116553E-03,-1.46733662486E+00
-3.38000E-06,-38.19096461E-03,-1.38693461566E+00
-3.37000E-06,-38.19096461E-03,-1.30653260648E+00
-3.36000E-06,-46.23116553E-03,-1.30653260649E+00
-3.35000E-06,-30.15076369E-03,-1.30653260648E+00
-3.34000E-06,-46.23116553E-03,-1.30653260648E+00
-3.33000E-06,-46.23116553E-03,-1.22613059729E+00
-3.32000E-06,-38.19096461E-03,-1.30653260648E+00
-3.31000E-06,-46.23116553E-03,-1.30653260648E+00
-3.30000E-06,-30.15076369E-03,-1.30653260648E+00
-3.29000E-06,-38.19096461E-03,-1.30653260648E+00
-3.28000E-06,-30.15076369E-03,-1.22613059729E+00
-3.27000E-06,-38.19096461E-03,-1.14572858811E+00
-3.26000E-06,-38.19096461E-03,-1.22613059729E+00
-3.25000E-06,-30.15076369E-03,-1.22613059729E+00
-3.24000E-06,-38.19096461E-03,-1.22613059729E+00
-3.23000E-06,-30.15076369E-03,-1.22613059729E+00
-3.22000E-06,-30.15076369E-03,-1.14572858810E+00
-3.21000E-06,-30.15076369E-03,-1.30653260647E+00
-3.20000E-06,-30.15076369E-03,-1.14572858810E+00
-3.19000E-06,-46.23116553E-03,-1.14572858811E+00
-3.18000E-06,-38.19096461E-03,-1.06532657892E+00
-3.17000E-06,-30.15076369E-03,-1.14572858810E+00
-3.16000E-06,-46.23116553E-03,-1.06532657892E+00
-3.15000E-06,-46.23116553E-03,-1.06532657893E+00
-3.14000E-06,-38.19096461E-03,-984.92456973E-03
-3.13000E-06,-46.23116553E-03,-904.52256055E-03
-3.12000E-06,-38.19096461E-03,-1.06532657892E+00
-3.11000E-06,-38.19096461E-03,-984.92456973E-03
-3.10000E-06,-38.19096461E-03,-1.14572858809E+00
-3.09000E-06,-38.19096461E-03,-904.52256054E-03
-3.08000E-06,-38.19096461E-03,-984.92456972E-03
-3.07000E-06,-38.19096461E-03,-984.92456973E-03
-3.06000E-06,-30.15076369E-03,-904.52256055E-03
-3.05000E-06,-38.19096461E-03,-904.52256054E-03
-3.04000E-06,-38.19096461E-03,-984.92456973E-03
-3.03000E-06,-38.19096461E-03,-824.12055135E-03
-3.02000E-06,-46.23116553E-03,-904.52256054E-03
-3.01000E-06,-30.15076369E-03,-984.92456973E-03
-3.00000E-06,-38.19096461E-03,-743.71854216E-03
-2.99000E-06,-46.23116553E-03,-904.52256054E-03
-2.98000E-06,-46.23116553E-03,-824.12055135E-03
-2.97000E-06,-30.15076369E-03,-904.52256053E-03
-2.96000E-06,-30.15076369E-03,-824.12055135E-03
-2.95000E-06,-38.19096461E-03,-824.12055135E-03
-2.94000E-06,-38.19096461E-03,-663.31653298E-03
-2.93000E-06,-38.19096461E-03,-743.71854216E-03
-2.92000E-06,-46.23116553E-03,-824.12055135E-03
-2.91000E-06,-46.23116553E-03,-663.31653296E-03
-2.90000E-06,-38.19096461E-03,-663.31653297E-03
-2.89000E-06,-38.19096461E-03,-743.71854216E-03
-2.88000E-06,-38.19096461E-03,-743.71854216E-03
-2.87000E-06,-38.19096461E-03,-824.12055134E-03
-2.86000E-06,-38.19096461E-03,-582.91452378E-03
-2.85000E-06,-38.19096461E-03,-663.31653297E-03
-2.84000E-06,-46.23116553E-03,-663.31653297E-03
-2.83000E-06,-38.19096461E-03,-582.91452378E-03
-2.82000E-06,-38.19096461E-03,-582.91452378E-03
-2.81000E-06,-30.15076369E-03,-663.31653298E-03
-2.80000E-06,-38.19096461E-03,-663.31653297E-03
-2.79000E-06,-46.23116553E-03,-582.91452378E-03
-2.78000E-06,-38.19096461E-03,-582.91452378E-03
-2.77000E-06,-38.19096461E-03,-502.51251459E-03
-2.76000E-06,-38.19096461E-03,-502.51251459E-03
-2.75000E-06,-38.19096461E-03,-502.51251459E-03
-2.74000E-06,-38.19096461E-03,-422.11050541E-03
-2.73000E-06,-38.19096461E-03,-422.11050540E-03
-2.72000E-06,-38.19096461E-03,-502.51251459E-03
-2.71000E-06,-30.15076369E-03,-422.11050539E-03
-2.70000E-06,-30.15076369E-03,-422.11050540E-03
-2.69000E-06,-38.19096461E-03,-422.11050541E-03
-2.68000E-06,-46.23116553E-03,-422.11050539E-03
-2.67000E-06,-30.15076369E-03,-341.70849621E-03
-2.66000E-06,-38.19096461E-03,-502.51251459E-03
-2.65000E-06,-38.19096461E-03,-341.70849621E-03
-2.64000E-06,-38.19096461E-03,-422.11050539E-03
-2.63000E-06,-38.19096461E-03,-341.70849621E-03
-2.62000E-06,-38.19096461E-03,-422.11050540E-03
-2.61000E-06,-38.19096461E-03,-261.30648702E-03
-2.60000E-06,-46.23116553E-03,-341.70849621E-03
-2.59000E-06,-38.19096461E-03,-261.30648702E-03
-2.58000E-06,-38.19096461E-03,-180.90447783E-03
-2.57000E-06,-46.23116553E-03,-261.30648702E-03
-2.56000E-06,-30.15076369E-03,-180.90447783E-03
-2.55000E-06,-38.19096461E-03,-180.90447785E-03
-2.54000E-06,-46.23116553E-03,-180.90447783E-03
-2.53000E-06,-38.19096461E-03,-261.30648702E-03
-2.52000E-06,-38.19096461E-03,-261.30648702E-03
-2.51000E-06,-38.19096461E-03,-261.30648702E-03
-2.50000E-06,-38.19096461E-03,-180.90447783E-03
-2.49000E-06,-38.19096461E-03,-100.50246865E-03
-2.48000E-06,-46.23116553E-03,-100.50246865E-03
-2.47000E-06,-46.23116553E-03,-180.90447783E-03
-2.46000E-06,-46.23116553E-03,-100.50246865E-03
-2.45000E-06,-46.23116553E-03,-100.50246865E-03
-2.44000E-06,-38.19096461E-03,-100.50246865E-03
-2.43000E-06,-38.19096461E-03,-180.90447783E-03
-2.42000E-06,-38.19096461E-03,-100.50246865E-03
-2.41000E-06,-54.27136645E-03,-100.50246865E-03
-2.40000E-06,-46.23116553E-03,-20.10045946E-03
-2.39000E-06,-54.27136645E-03,-20.10045946E-03
-2.38000E-06,-46.23116553E-03,-100.50246865E-03
-2.37000E-06,-54.27136645E-03,-20.10045946E-03
-2.36000E-06,-54.27136645E-03,-20.10045946E-03
-2.35000E-06,-46.23116553E-03,-20.10045946E-03
-2.34000E-06,-46.23116553E-03,-20.10045946E-03
-2.33000E-06,-54.27136645E-03,+60.30154973E-03
-2.32000E-06,-62.31156737E-03,+60.30154973E-03
-2.31000E-06,-54.27136645E-03,+140.70355892E-03
-2.30000E-06,-54.27136645E-03,+140.70355892E-03
-2.29000E-06,-46.23116553E-03,+60.30154973E-03
-2.28000E-06,-54.27136645E-03,+60.30154973E-03
-2.27000E-06,-46.23116553E-03,+60.30154973E-03
-2.26000E-06,-54.27136645E-03,+60.30154973E-03
-2.25000E-06,-62.31156736E-03,+140.70355893E-03
-2.24000E-06,-54.27136645E-03,+140.70355892E-03
-2.23000E-06,-54.27136645E-03,+221.10556811E-03
-2.22000E-06,-46.23116553E-03,+140.70355892E-03
-2.21000E-06,-38.19096461E-03,+221.10556811E-03
-2.20000E-06,-38.19096461E-03,+221.10556811E-03
-2.19000E-06,-30.15076369E-03,+381.90958649E-03
-2.18000E-06,-30.15076369E-03,+221.10556811E-03
-2.17000E-06,-14.07036185E-03,+221.10556811E-03
-2.16000E-06,-22.11056277E-03,+381.90958649E-03
-2.15000E-06,-6.03016093E-03,+381.90958649E-03
-2.14000E-06,-14.07036185E-03,+381.90958649E-03
-2.13000E-06,-6.03016093E-03,+221.10556811E-03
-2.12000E-06,-6.03016093E-03,+301.50757731E-03
-2.11000E-06,+2.01003999E-03,+381.90958649E-03
-2.10000E-06,+10.05024090E-03,+301.50757730E-03
-2.09000E-06,+18.09044182E-03,+462.31159568E-03
-2.08000E-06,+26.13064274E-03,+381.90958649E-03
-2.07000E-06,+18.09044182E-03,+462.31159568E-03
-2.06000E-06,+18.09044182E-03,+462.31159568E-03
-2.05000E-06,+18.09044182E-03,+462.31159568E-03
-2.04000E-06,+26.13064274E-03,+462.31159568E-03
-2.03000E-06,+34.17084366E-03,+462.31159568E-03
-2.02000E-06,+42.21104458E-03,+462.31159569E-03
-2.01000E-06,+34.17084366E-03,+542.71360487E-03
-2.00000E-06,+34.17084366E-03,+542.71360486E-03
-1.99000E-06,+34.17084366E-03,+462.31159568E-03
-1.98000E-06,+42.21104458E-03,+623.11561406E-03
-1.97000E-06,+42.21104458E-03,+623.11561406E-03
-1.96000E-06,+50.25124550E-03,+623.11561406E-03
-1.95000E-06,+42.21104458E-03,+703.51762325E-03
-1.94000E-06,+50.25124550E-03,+623.11561406E-03
-1.93000E-06,+42.21104458E-03,+623.11561406E-03
-1.92000E-06,+42.21104458E-03,+623.11561406E-03
-1.91000E-06,+50.25124550E-03,+623.11561406E-03
-1.90000E-06,+42.21104458E-03,+703.51762325E-03
-1.89000E-06,+42.21104458E-03,+703.51762325E-03
-1.88000E-06,+42.21104458E-03,+703.51762325E-03
-1.87000E-06,+50.25124550E-03,+703.51762325E-03
-1.86000E-06,+58.29144642E-03,+783.91963243E-03
-1.85000E-06,+58.29144642E-03,+703.51762325E-03
-1.84000E-06,+58.29144642E-03,+783.91963243E-03
-1.83000E-06,+50.25124550E-03,+783.91963243E-03
-1.82000E-06,+50.25124550E-03,+864.32164162E-03
-1.81000E-06,+50.25124550E-03,+864.32164162E-03
-1.80000E-06,+50.25124550E-03,+783.91963243E-03
-1.79000E-06,+58.29144642E-03,+783.91963242E-03
-1.78000E-06,+58.29144642E-03,+783.91963243E-03
-1.77000E-06,+58.29144642E-03,+864.32164162E-03
-1.76000E-06,+50.25124550E-03,+944.72365081E-03
-1.75000E-06,+50.25124550E-03,+864.32164161E-03
-1.74000E-06,+50.25124550E-03,+944.72365081E-03
-1.73000E-06,+50.25124550E-03,+864.32164162E-03
-1.72000E-06,+50.25124550E-03,+944.72365081E-03
-1.71000E-06,+58.29144642E-03,+944.72365081E-03
-1.70000E-06,+50.25124550E-03,+944.72365081E-03
-1.69000E-06,+42.21104458E-03,+944.72365083E-03
-1.68000E-06,+50.25124550E-03,+1.02512566000E+00
-1.67000E-06,+50.25124550E-03,+1.02512566000E+00
-1.66000E-06,+50.25124550E-03,+944.72365081E-03
-1.65000E-06,+50.25124550E-03,+1.02512566000E+00
-1.64000E-06,+58.29144642E-03,+1.02512566002E+00
-1.63000E-06,+58.29144642E-03,+1.10552766919E+00
-1.62000E-06,+50.25124550E-03,+1.02512566000E+00
-1.61000E-06,+50.25124550E-03,+1.02512566000E+00
-1.60000E-06,+50.25124550E-03,+1.10552766919E+00
-1.59000E-06,+58.29144642E-03,+1.02512566000E+00
-1.58000E-06,+50.25124550E-03,+1.10552766919E+00
-1.57000E-06,+50.25124550E-03,+1.02512566000E+00
-1.56000E-06,+42.21104458E-03,+1.18592967838E+00
-1.55000E-06,+50.25124550E-03,+1.18592967838E+00
-1.54000E-06,+42.21104458E-03,+1.18592967838E+00
-1.53000E-06,+50.25124550E-03,+1.18592967838E+00
-1.52000E-06,+50.25124550E-03,+1.18592967838E+00
-1.51000E-06,+50.25124550E-03,+1.18592967838E+00
-1.50000E-06,+50.25124550E-03,+1.18592967837E+00
-1.49000E-06,+50.25124550E-03,+1.18592967838E+00
-1.48000E-06,+58.29144642E-03,+1.26633168757E+00
-1.47000E-06,+50.25124550E-03,+1.26633168756E+00
-1.46000E-06,+50.25124550E-03,+1.26633168757E+00
-1.45000E-06,+50.25124550E-03,+1.26633168757E+00
-1.44000E-06,+42.21104458E-03,+1.34673369676E+00
-1.43000E-06,+50.25124550E-03,+1.34673369676E+00
-1.42000E-06,+42.21104458E-03,+1.26633168757E+00
-1.41000E-06,+50.25124550E-03,+1.34673369676E+00
-1.40000E-06,+50.25124550E-03,+1.34673369676E+00
-1.39000E-06,+50.25124550E-03,+1.34673369676E+00
-1.38000E-06,+50.25124550E-03,+1.42713570595E+00
-1.37000E-06,+50.25124550E-03,+1.34673369676E+00
-1.36000E-06,+50.25124550E-03,+1.42713570596E+00
-1.35000E-06,+58.29144642E-03,+1.50753771514E+00
-1.34000E-06,+42.21104458E-03,+1.50753771514E+00
-1.33000E-06,+42.21104458E-03,+1.34673369677E+00
-1.32000E-06,+50.25124550E-03,+1.42713570596E+00
-1.31000E-06,+50.25124550E-03,+1.58793972433E+00
-1.30000E-06,+50.25124550E-03,+1.58793972433E+00
-1.29000E-06,+50.25124550E-03,+1.50753771514E+00
-1.28000E-06,+50.25124550E-03,+1.50753771515E+00
-1.27000E-06,+50.25124550E-03,+1.58793972433E+00
-1.26000E-06,+58.29144642E-03,+1.50753771514E+00
-1.25000E-06,+66.33164734E-03,+1.50753771514E+00
-1.24000E-06,+50.25124550E-03,+1.66834173352E+00
-1.23000E-06,+50.25124550E-03,+1.66834173350E+00
-1.22000E-06,+42.21104458E-03,+1.50753771515E+00
-1.21000E-06,+58.29144642E-03,+1.66834173352E+00
-1.20000E-06,+50.25124550E-03,+1.66834173352E+00
-1.19000E-06,+50.25124550E-03,+1.58793972433E+00
-1.18000E-06,+50.25124550E-03,+1.66834173350E+00
-1.17000E-06,+50.25124550E-03,+1.66834173352E+00
-1.16000E-06,+42.21104458E-03,+1.58793972434E+00
-1.15000E-06,+42.21104458E-03,+1.66834173352E+00
-1.14000E-06,+42.21104458E-03,+1.66834173352E+00
-1.13000E-06,+50.25124550E-03,+1.74874374270E+00
-1.12000E-06,+42.21104458E-03,+1.74874374272E+00
-1.11000E-06,+50.25124550E-03,+1.74874374270E+00
-1.10000E-06,+50.25124550E-03,+1.82914575189E+00
-1.09000E-06,+50.25124550E-03,+1.90954776108E+00
-1.08000E-06,+50.25124550E-03,+1.82914575189E+00
-1.07000E-06,+50.25124550E-03,+1.82914575191E+00
-1.06000E-06,+42.21104458E-03,+1.82914575189E+00
-1.05000E-06,+42.21104458E-03,+1.98994977027E+00
-1.04000E-06,+34.17084366E-03,+1.82914575191E+00
-1.03000E-06,+58.29144642E-03,+1.90954776107E+00
-1.02000E-06,+50.25124550E-03,+1.90954776108E+00
-1.01000E-06,+50.25124550E-03,+1.82914575189E+00
-1.00000E-06,+58.29144642E-03,+1.82914575189E+00
-990.00E-09,+58.29144642E-03,+1.74874374270E+00
-980.00E-09,+58.29144642E-03,+1.74874374269E+00
-970.00E-09,+66.33164734E-03,+1.82914575188E+00
-960.00E-09,+50.25124550E-03,+1.74874374272E+00
-950.00E-09,+34.17084366E-03,+1.74874374272E+00
-940.00E-09,+58.29144642E-03,+1.74874374270E+00
-930.00E-09,+42.21104458E-03,+1.66834173352E+00
-920.00E-09,+50.25124550E-03,+1.74874374270E+00
-910.00E-09,+50.25124550E-03,+1.74874374270E+00
-900.00E-09,+50.25124550E-03,+1.74874374270E+00
-890.00E-09,+50.25124550E-03,+1.74874374270E+00
-880.00E-09,+42.21104458E-03,+1.66834173352E+00
-870.00E-09,+42.21104458E-03,+1.66834173352E+00
-860.00E-09,+34.17084366E-03,+1.66834173352E+00
-850.00E-09,+42.21104458E-03,+1.66834173350E+00
-840.00E-09,+42.21104458E-03,+1.66834173352E+00
-830.00E-09,+42.21104458E-03,+1.58793972433E+00
-820.00E-09,+42.21104458E-03,+1.58793972433E+00
-810.00E-09,+34.17084366E-03,+1.58793972431E+00
-800.00E-09,+42.21104458E-03,+1.58793972433E+00
-790.00E-09,+42.21104458E-03,+1.58793972433E+00
-780.00E-09,+42.21104458E-03,+1.66834173352E+00
-770.00E-09,+34.17084366E-03,+1.50753771514E+00
-760.00E-09,+26.13064274E-03,+1.50753771514E+00
-750.00E-09,+34.17084366E-03,+1.50753771514E+00
-740.00E-09,+26.13064274E-03,+1.42713570595E+00
-730.00E-09,+26.13064274E-03,+1.58793972433E+00
-720.00E-09,+26.13064274E-03,+1.50753771514E+00
-710.00E-09,+26.13064274E-03,+1.42713570595E+00
-700.00E-09,+18.09044182E-03,+1.34673369676E+00
-690.00E-09,+26.13064274E-03,+1.50753771514E+00
-680.00E-09,+34.17084366E-03,+1.42713570595E+00
-670.00E-09,+18.09044182E-03,+1.42713570595E+00
-660.00E-09,+26.13064274E-03,+1.42713570595E+00
-650.00E-09,+26.13064274E-03,+1.50753771514E+00
-640.00E-09,+34.17084366E-03,+1.42713570595E+00
-630.00E-09,+18.09044182E-03,+1.26633168757E+00
-620.00E-09,+18.09044182E-03,+1.26633168757E+00
-610.00E-09,+18.09044182E-03,+1.42713570595E+00
-600.00E-09,+18.09044182E-03,+1.34673369677E+00
-590.00E-09,+18.09044182E-03,+1.26633168757E+00
-580.00E-09,+18.09044182E-03,+1.34673369677E+00
-570.00E-09,+18.09044182E-03,+1.26633168757E+00
-560.00E-09,+10.05024090E-03,+1.18592967838E+00
-550.00E-09,+18.09044182E-03,+1.26633168757E+00
-540.00E-09,+18.09044182E-03,+1.18592967838E+00
-530.00E-09,+26.13064274E-03,+1.10552766921E+00
-520.00E-09,+26.13064274E-03,+1.10552766921E+00
-510.00E-09,+18.09044182E-03,+1.18592967838E+00
-500.00E-09,+18.09044182E-03,+1.02512566000E+00
-490.00E-09,+18.09044182E-03,+1.18592967838E+00
-480.00E-09,+18.09044182E-03,+1.02512566002E+00
-470.00E-09,+18.09044182E-03,+1.10552766919E+00
-460.00E-09,+18.09044182E-03,+1.18592967837E+00
-450.00E-09,+26.13064274E-03,+1.02512566000E+00
-440.00E-09,+18.09044182E-03,+1.10552766919E+00
-430.00E-09,+10.05024091E-03,+1.10552766919E+00
-420.00E-09,+26.13064274E-03,+1.02512566000E+00
-410.00E-09,+26.13064274E-03,+1.10552766919E+00
-400.00E-09,+26.13064274E-03,+1.02512566000E+00
-390.00E-09,+34.17084366E-03,+1.10552766919E+00
-380.00E-09,+26.13064274E-03,+944.72365081E-03
-370.00E-09,+18.09044182E-03,+944.72365081E-03
-360.00E-09,+18.09044182E-03,+1.02512565999E+00
-350.00E-09,+26.13064274E-03,+944.72365081E-03
-340.00E-09,+18.09044182E-03,+944.72365081E-03
-330.00E-09,+26.13064274E-03,+944.72365081E-03
-320.00E-09,+26.13064274E-03,+864.32164164E-03
-310.00E-09,+34.17084366E-03,+864.32164162E-03
-300.00E-09,+26.13064274E-03,+944.72365080E-03
-290.00E-09,+42.21104458E-03,+864.32164164E-03
-280.00E-09,+34.17084366E-03,+944.72365081E-03
-270.00E-09,+34.17084366E-03,+783.91963243E-03
-260.00E-09,+34.17084366E-03,+864.32164164E-03
-250.00E-09,+34.17084366E-03,+864.32164162E-03
-240.00E-09,+34.17084366E-03,+703.51762325E-03
-230.00E-09,+26.13064274E-03,+864.32164162E-03
-220.00E-09,+42.21104458E-03,+864.32164162E-03
-210.00E-09,+34.17084366E-03,+864.32164162E-03
-200.00E-09,+26.13064274E-03,+703.51762325E-03
-190.00E-09,+26.13064274E-03,+783.91963243E-03
-180.00E-09,+42.21104458E-03,+783.91963243E-03
-170.00E-09,+50.25124550E-03,+783.91963242E-03
-160.00E-09,+42.21104458E-03,+703.51762325E-03
-150.00E-09,+34.17084366E-03,+703.51762325E-03
-140.00E-09,+42.21104458E-03,+703.51762323E-03
-130.00E-09,+50.25124550E-03,+623.11561406E-03
-120.00E-09,+50.25124550E-03,+623.11561406E-03
-110.00E-09,+50.25124550E-03,+623.11561404E-03
-100.00E-09,+50.25124550E-03,+623.11561406E-03
-90.00E-09,+50.25124550E-03,+623.11561406E-03
-80.00E-09,+50.25124550E-03,+623.11561406E-03
-70.00E-09,+50.25124550E-03,+462.31159568E-03
-60.00E-09,+50.25124550E-03,+542.71360487E-03
-50.00E-09,+58.29144642E-03,+623.11561406E-03
-40.00E-09,+58.29144642E-03,+542.71360487E-03
-30.00E-09,+58.29144642E-03,+623.11561404E-03
-20.00E-09,+66.33164734E-03,+542.71360487E-03
-10.00E-09,+66.33164734E-03,+462.31159569E-03
-0.0E+00,+74.37184826E-03,+462.31159568E-03
+10.00E-09,+74.37184826E-03,+381.90958649E-03
+20.00E-09,+74.37184825E-03,+462.31159568E-03
+30.00E-09,+82.41204917E-03,+381.90958648E-03
+40.00E-09,+74.37184826E-03,+462.31159568E-03
+50.00E-09,+74.37184826E-03,+542.71360487E-03
+60.00E-09,+82.41204917E-03,+381.90958650E-03
+70.00E-09,+90.45225009E-03,+381.90958649E-03
+80.00E-09,+90.45225009E-03,+301.50757730E-03
+90.00E-09,+90.45225009E-03,+301.50757730E-03
+100.00E-09,+82.41204918E-03,+301.50757730E-03
+110.00E-09,+98.49245101E-03,+301.50757730E-03
+120.00E-09,+90.45225009E-03,+301.50757730E-03
+130.00E-09,+106.53265193E-03,+301.50757730E-03
+140.00E-09,+98.49245101E-03,+301.50757730E-03
+150.00E-09,+106.53265193E-03,+221.10556811E-03
+160.00E-09,+106.53265193E-03,+221.10556811E-03
+170.00E-09,+98.49245101E-03,+221.10556811E-03
+180.00E-09,+114.57285285E-03,+140.70355892E-03
+190.00E-09,+114.57285285E-03,+221.10556811E-03
+200.00E-09,+122.61305377E-03,+140.70355892E-03
+210.00E-09,+122.61305377E-03,+221.10556811E-03
+220.00E-09,+122.61305377E-03,+140.70355894E-03
+230.00E-09,+130.65325469E-03,+140.70355892E-03
+240.00E-09,+122.61305377E-03,+60.30154973E-03
+250.00E-09,+130.65325469E-03,+60.30154973E-03
+260.00E-09,+130.65325469E-03,+140.70355892E-03
+270.00E-09,+130.65325469E-03,+140.70355892E-03
+280.00E-09,+130.65325469E-03,+140.70355892E-03
+290.00E-09,+130.65325469E-03,+60.30154973E-03
+300.00E-09,+138.69345561E-03,+140.70355891E-03
+310.00E-09,+146.73365653E-03,+60.30154973E-03
+320.00E-09,+130.65325469E-03,+60.30154973E-03
+330.00E-09,+154.77385744E-03,-20.10045946E-03
+340.00E-09,+138.69345561E-03,-20.10045946E-03
+350.00E-09,+154.77385744E-03,-20.10045946E-03
+360.00E-09,+146.73365653E-03,-20.10045946E-03
+370.00E-09,+146.73365653E-03,+60.30154973E-03
+380.00E-09,+154.77385744E-03,-100.50246865E-03
+390.00E-09,+154.77385745E-03,-100.50246865E-03
+400.00E-09,+162.81405836E-03,-180.90447783E-03
+410.00E-09,+162.81405836E-03,-180.90447783E-03
+420.00E-09,+162.81405836E-03,-100.50246865E-03
+430.00E-09,+154.77385744E-03,-180.90447783E-03
+440.00E-09,+162.81405836E-03,-100.50246865E-03
+450.00E-09,+154.77385745E-03,-180.90447783E-03
+460.00E-09,+146.73365653E-03,-100.50246865E-03
+470.00E-09,+146.73365653E-03,-180.90447783E-03
+480.00E-09,+146.73365653E-03,-180.90447783E-03
+490.00E-09,+146.73365653E-03,-180.90447783E-03
+500.00E-09,+138.69345561E-03,-261.30648704E-03
+510.00E-09,+138.69345561E-03,-341.70849621E-03
+520.00E-09,+138.69345561E-03,-341.70849620E-03
+530.00E-09,+146.73365653E-03,-261.30648702E-03
+540.00E-09,+138.69345561E-03,-341.70849621E-03
+550.00E-09,+130.65325469E-03,-341.70849623E-03
+560.00E-09,+122.61305377E-03,-341.70849621E-03
+570.00E-09,+130.65325469E-03,-341.70849621E-03
+580.00E-09,+122.61305377E-03,-341.70849621E-03
+590.00E-09,+130.65325469E-03,-422.11050540E-03
+600.00E-09,+122.61305377E-03,-341.70849621E-03
+610.00E-09,+114.57285285E-03,-341.70849621E-03
+620.00E-09,+106.53265193E-03,-422.11050540E-03
+630.00E-09,+106.53265193E-03,-422.11050540E-03
+640.00E-09,+98.49245101E-03,-422.11050540E-03
+650.00E-09,+106.53265193E-03,-422.11050540E-03
+660.00E-09,+98.49245101E-03,-502.51251459E-03
+670.00E-09,+98.49245101E-03,-502.51251459E-03
+680.00E-09,+90.45225009E-03,-582.91452378E-03
+690.00E-09,+90.45225009E-03,-422.11050540E-03
+700.00E-09,+82.41204917E-03,-502.51251459E-03
+710.00E-09,+90.45225009E-03,-502.51251458E-03
+720.00E-09,+90.45225009E-03,-582.91452378E-03
+730.00E-09,+74.37184826E-03,-502.51251459E-03
+740.00E-09,+74.37184826E-03,-502.51251459E-03
+750.00E-09,+66.33164734E-03,-663.31653297E-03
+760.00E-09,+66.33164734E-03,-582.91452378E-03
+770.00E-09,+66.33164734E-03,-663.31653297E-03
+780.00E-09,+66.33164734E-03,-582.91452378E-03
+790.00E-09,+58.29144642E-03,-663.31653297E-03
+800.00E-09,+66.33164734E-03,-582.91452378E-03
+810.00E-09,+58.29144642E-03,-663.31653297E-03
+820.00E-09,+58.29144642E-03,-824.12055135E-03
+830.00E-09,+50.25124550E-03,-663.31653297E-03
+840.00E-09,+50.25124550E-03,-824.12055133E-03
+850.00E-09,+50.25124550E-03,-743.71854216E-03
+860.00E-09,+42.21104458E-03,-824.12055135E-03
+870.00E-09,+42.21104458E-03,-743.71854217E-03
+880.00E-09,+34.17084366E-03,-663.31653297E-03
+890.00E-09,+34.17084366E-03,-663.31653298E-03
+900.00E-09,+34.17084366E-03,-824.12055135E-03
+910.00E-09,+26.13064274E-03,-904.52256054E-03
+920.00E-09,+26.13064274E-03,-743.71854216E-03
+930.00E-09,+26.13064274E-03,-824.12055133E-03
+940.00E-09,+18.09044182E-03,-904.52256052E-03
+950.00E-09,+18.09044182E-03,-824.12055136E-03
+960.00E-09,+26.13064274E-03,-824.12055135E-03
+970.00E-09,+10.05024090E-03,-904.52256054E-03
+980.00E-09,+18.09044182E-03,-904.52256054E-03
+990.00E-09,+2.01003999E-03,-984.92456973E-03
+1.00000E-06,+2.01003999E-03,-904.52256054E-03
+1.01000E-06,+18.09044182E-03,-984.92456973E-03
+1.02000E-06,+10.05024090E-03,-984.92456973E-03
+1.03000E-06,+2.01003999E-03,-984.92456973E-03
+1.04000E-06,+2.01003999E-03,-1.06532657892E+00
+1.05000E-06,-6.03016093E-03,-984.92456973E-03
+1.06000E-06,+2.01003999E-03,-984.92456973E-03
+1.07000E-06,-14.07036185E-03,-904.52256054E-03
+1.08000E-06,-14.07036185E-03,-1.14572858810E+00
+1.09000E-06,-6.03016093E-03,-1.06532657892E+00
+1.10000E-06,-22.11056277E-03,-1.06532657892E+00
+1.11000E-06,-14.07036185E-03,-1.14572858810E+00
+1.12000E-06,-22.11056277E-03,-1.06532657892E+00
+1.13000E-06,-30.15076369E-03,-1.14572858810E+00
+1.14000E-06,-22.11056277E-03,-1.06532657892E+00
+1.15000E-06,-14.07036185E-03,-1.22613059729E+00
+1.16000E-06,-22.11056277E-03,-1.22613059729E+00
+1.17000E-06,-14.07036185E-03,-1.14572858810E+00
+1.18000E-06,-22.11056277E-03,-1.22613059728E+00
+1.19000E-06,-22.11056277E-03,-1.22613059729E+00
+1.20000E-06,-30.15076369E-03,-1.30653260648E+00
+1.21000E-06,-30.15076369E-03,-1.30653260648E+00
+1.22000E-06,-30.15076369E-03,-1.22613059729E+00
+1.23000E-06,-30.15076369E-03,-1.22613059729E+00
+1.24000E-06,-38.19096461E-03,-1.30653260647E+00
+1.25000E-06,-38.19096461E-03,-1.22613059729E+00
+1.26000E-06,-38.19096461E-03,-1.30653260648E+00
+1.27000E-06,-38.19096461E-03,-1.30653260648E+00
+1.28000E-06,-38.19096461E-03,-1.30653260647E+00
+1.29000E-06,-46.23116553E-03,-1.22613059731E+00
+1.30000E-06,-38.19096461E-03,-1.30653260648E+00
+1.31000E-06,-54.27136645E-03,-1.38693461567E+00
+1.32000E-06,-38.19096461E-03,-1.38693461567E+00
+1.33000E-06,-38.19096461E-03,-1.46733662486E+00
+1.34000E-06,-30.15076369E-03,-1.38693461567E+00
+1.35000E-06,-38.19096461E-03,-1.38693461567E+00
+1.36000E-06,-46.23116553E-03,-1.38693461567E+00
+1.37000E-06,-38.19096461E-03,-1.38693461567E+00
+1.38000E-06,-38.19096461E-03,-1.46733662486E+00
+1.39000E-06,-46.23116553E-03,-1.38693461567E+00
+1.40000E-06,-46.23116553E-03,-1.46733662487E+00
+1.41000E-06,-46.23116553E-03,-1.54773863405E+00
+1.42000E-06,-38.19096461E-03,-1.46733662486E+00
+1.43000E-06,-38.19096461E-03,-1.46733662486E+00
+1.44000E-06,-46.23116553E-03,-1.54773863405E+00
+1.45000E-06,-46.23116553E-03,-1.62814064324E+00
+1.46000E-06,-46.23116553E-03,-1.54773863405E+00
+1.47000E-06,-46.23116553E-03,-1.62814064324E+00
+1.48000E-06,-46.23116553E-03,-1.62814064324E+00
+1.49000E-06,-46.23116553E-03,-1.62814064324E+00
+1.50000E-06,-38.19096461E-03,-1.62814064324E+00
+1.51000E-06,-54.27136645E-03,-1.62814064324E+00
+1.52000E-06,-54.27136645E-03,-1.46733662486E+00
+1.53000E-06,-38.19096461E-03,-1.62814064324E+00
+1.54000E-06,-46.23116553E-03,-1.62814064324E+00
+1.55000E-06,-46.23116553E-03,-1.62814064324E+00
+1.56000E-06,-38.19096461E-03,-1.62814064324E+00
+1.57000E-06,-46.23116553E-03,-1.62814064325E+00
+1.58000E-06,-46.23116553E-03,-1.78894466162E+00
+1.59000E-06,-46.23116553E-03,-1.70854265243E+00
+1.60000E-06,-38.19096461E-03,-1.70854265243E+00
+1.61000E-06,-46.23116553E-03,-1.70854265244E+00
+1.62000E-06,-46.23116553E-03,-1.70854265244E+00
+1.63000E-06,-30.15076369E-03,-1.78894466162E+00
+1.64000E-06,-46.23116553E-03,-1.78894466162E+00
+1.65000E-06,-46.23116553E-03,-1.78894466162E+00
+1.66000E-06,-46.23116553E-03,-1.78894466163E+00
+1.67000E-06,-38.19096461E-03,-1.78894466162E+00
+1.68000E-06,-38.19096461E-03,-1.78894466162E+00
+1.69000E-06,-38.19096461E-03,-1.94974868000E+00
+1.70000E-06,-38.19096461E-03,-1.78894466163E+00
+1.71000E-06,-46.23116553E-03,-1.94974868000E+00
+1.72000E-06,-38.19096461E-03,-1.94974868000E+00
+1.73000E-06,-38.19096461E-03,-1.86934667081E+00
+1.74000E-06,-38.19096461E-03,-1.86934667081E+00
+1.75000E-06,-38.19096461E-03,-1.86934667082E+00
+1.76000E-06,-38.19096461E-03,-2.03015068918E+00
+1.77000E-06,-38.19096461E-03,-2.03015068918E+00
+1.78000E-06,-46.23116553E-03,-2.03015068918E+00
+1.79000E-06,-30.15076369E-03,-2.03015068918E+00
+1.80000E-06,-46.23116553E-03,-2.03015068918E+00
+1.81000E-06,-38.19096461E-03,-2.03015068918E+00
+1.82000E-06,-30.15076369E-03,-2.03015068918E+00
+1.83000E-06,-46.23116553E-03,-1.86934667082E+00
+1.84000E-06,-38.19096461E-03,-1.86934667081E+00
+1.85000E-06,-38.19096461E-03,-1.86934667081E+00
+1.86000E-06,-46.23116553E-03,-2.03015068918E+00
+1.87000E-06,-46.23116553E-03,-1.86934667081E+00
+1.88000E-06,-46.23116553E-03,-1.86934667081E+00
+1.89000E-06,-38.19096461E-03,-1.86934667081E+00
+1.90000E-06,-30.15076369E-03,-1.86934667081E+00
+1.91000E-06,-38.19096461E-03,-1.78894466162E+00
+1.92000E-06,-38.19096461E-03,-1.86934667081E+00
+1.93000E-06,-46.23116553E-03,-1.86934667081E+00
+1.94000E-06,-38.19096461E-03,-1.86934667081E+00
+1.95000E-06,-38.19096461E-03,-1.86934667081E+00
+1.96000E-06,-38.19096461E-03,-1.78894466162E+00
+1.97000E-06,-30.15076369E-03,-1.86934667081E+00
+1.98000E-06,-38.19096461E-03,-1.78894466160E+00
+1.99000E-06,-46.23116553E-03,-1.86934667081E+00
+2.00000E-06,-38.19096461E-03,-1.70854265243E+00
+2.01000E-06,-38.19096461E-03,-1.78894466162E+00
+2.02000E-06,-30.15076369E-03,-1.78894466162E+00
+2.03000E-06,-30.15076369E-03,-1.62814064324E+00
+2.04000E-06,-38.19096461E-03,-1.70854265243E+00
+2.05000E-06,-38.19096461E-03,-1.70854265243E+00
+2.06000E-06,-30.15076369E-03,-1.54773863407E+00
+2.07000E-06,-38.19096461E-03,-1.78894466162E+00
+2.08000E-06,-30.15076369E-03,-1.70854265243E+00
+2.09000E-06,-38.19096461E-03,-1.62814064325E+00
+2.10000E-06,-38.19096461E-03,-1.70854265243E+00
+2.11000E-06,-38.19096461E-03,-1.54773863407E+00
+2.12000E-06,-46.23116553E-03,-1.62814064324E+00
+2.13000E-06,-30.15076369E-03,-1.62814064324E+00
+2.14000E-06,-38.19096461E-03,-1.62814064322E+00
+2.15000E-06,-46.23116553E-03,-1.46733662486E+00
+2.16000E-06,-38.19096461E-03,-1.46733662486E+00
+2.17000E-06,-38.19096461E-03,-1.62814064324E+00
+2.18000E-06,-30.15076369E-03,-1.54773863405E+00
+2.19000E-06,-38.19096461E-03,-1.46733662488E+00
+2.20000E-06,-38.19096461E-03,-1.46733662486E+00
+2.21000E-06,-30.15076369E-03,-1.46733662488E+00
+2.22000E-06,-38.19096461E-03,-1.46733662486E+00
+2.23000E-06,-38.19096461E-03,-1.38693461567E+00
+2.24000E-06,-30.15076369E-03,-1.38693461567E+00
+2.25000E-06,-38.19096461E-03,-1.46733662486E+00
+2.26000E-06,-30.15076369E-03,-1.30653260648E+00
+2.27000E-06,-30.15076369E-03,-1.38693461569E+00
+2.28000E-06,-38.19096461E-03,-1.38693461567E+00
+2.29000E-06,-38.19096461E-03,-1.30653260650E+00
+2.30000E-06,-30.15076369E-03,-1.38693461567E+00
+2.31000E-06,-46.23116553E-03,-1.30653260650E+00
+2.32000E-06,-30.15076369E-03,-1.30653260647E+00
+2.33000E-06,-38.19096461E-03,-1.30653260647E+00
+2.34000E-06,-38.19096461E-03,-1.22613059729E+00
+2.35000E-06,-38.19096461E-03,-1.22613059731E+00
+2.36000E-06,-38.19096461E-03,-1.22613059729E+00
+2.37000E-06,-38.19096461E-03,-1.30653260647E+00
+2.38000E-06,-38.19096461E-03,-1.30653260648E+00
+2.39000E-06,-30.15076369E-03,-1.30653260647E+00
+2.40000E-06,-46.23116553E-03,-1.14572858810E+00
+2.41000E-06,-46.23116553E-03,-1.22613059729E+00
+2.42000E-06,-38.19096461E-03,-1.22613059729E+00
+2.43000E-06,-38.19096461E-03,-1.22613059729E+00
+2.44000E-06,-30.15076369E-03,-1.14572858809E+00
+2.45000E-06,-38.19096461E-03,-1.14572858809E+00
+2.46000E-06,-38.19096461E-03,-1.14572858812E+00
+2.47000E-06,-38.19096461E-03,-1.22613059729E+00
+2.48000E-06,-46.23116553E-03,-1.06532657892E+00
+2.49000E-06,-30.15076369E-03,-1.14572858810E+00
+2.50000E-06,-38.19096461E-03,-1.06532657892E+00
+2.51000E-06,-38.19096461E-03,-984.92456973E-03
+2.52000E-06,-30.15076369E-03,-1.06532657892E+00
+2.53000E-06,-38.19096461E-03,-984.92456973E-03
+2.54000E-06,-38.19096461E-03,-1.06532657892E+00
+2.55000E-06,-46.23116553E-03,-1.06532657892E+00
+2.56000E-06,-38.19096461E-03,-984.92456973E-03
+2.57000E-06,-38.19096461E-03,-904.52256054E-03
+2.58000E-06,-38.19096461E-03,-984.92456973E-03
+2.59000E-06,-46.23116553E-03,-904.52256054E-03
+2.60000E-06,-38.19096461E-03,-984.92456973E-03
+2.61000E-06,-38.19096461E-03,-984.92456973E-03
+2.62000E-06,-38.19096461E-03,-904.52256054E-03
+2.63000E-06,-38.19096461E-03,-824.12055135E-03
+2.64000E-06,-46.23116553E-03,-824.12055135E-03
+2.65000E-06,-30.15076369E-03,-824.12055135E-03
+2.66000E-06,-38.19096461E-03,-904.52256054E-03
+2.67000E-06,-30.15076369E-03,-824.12055135E-03
+2.68000E-06,-46.23116553E-03,-824.12055135E-03
+2.69000E-06,-38.19096461E-03,-824.12055135E-03
+2.70000E-06,-38.19096461E-03,-743.71854216E-03
+2.71000E-06,-30.15076369E-03,-743.71854216E-03
+2.72000E-06,-38.19096461E-03,-743.71854216E-03
+2.73000E-06,-30.15076369E-03,-743.71854216E-03
+2.74000E-06,-46.23116553E-03,-743.71854216E-03
+2.75000E-06,-30.15076369E-03,-582.91452380E-03
+2.76000E-06,-38.19096461E-03,-663.31653297E-03
+2.77000E-06,-38.19096461E-03,-663.31653297E-03
+2.78000E-06,-38.19096461E-03,-743.71854216E-03
+2.79000E-06,-38.19096461E-03,-663.31653297E-03
+2.80000E-06,-46.23116553E-03,-663.31653299E-03
+2.81000E-06,-46.23116553E-03,-582.91452378E-03
+2.82000E-06,-30.15076369E-03,-582.91452378E-03
+2.83000E-06,-38.19096461E-03,-663.31653297E-03
+2.84000E-06,-30.15076369E-03,-582.91452378E-03
+2.85000E-06,-38.19096461E-03,-663.31653297E-03
+2.86000E-06,-38.19096461E-03,-582.91452378E-03
+2.87000E-06,-38.19096461E-03,-502.51251461E-03
+2.88000E-06,-30.15076369E-03,-422.11050540E-03
+2.89000E-06,-38.19096461E-03,-582.91452378E-03
+2.90000E-06,-38.19096461E-03,-502.51251459E-03
+2.91000E-06,-38.19096461E-03,-502.51251459E-03
+2.92000E-06,-38.19096461E-03,-422.11050539E-03
+2.93000E-06,-38.19096461E-03,-502.51251459E-03
+2.94000E-06,-46.23116553E-03,-341.70849621E-03
+2.95000E-06,-38.19096461E-03,-422.11050540E-03
+2.96000E-06,-38.19096461E-03,-341.70849621E-03
+2.97000E-06,-46.23116553E-03,-341.70849621E-03
+2.98000E-06,-38.19096461E-03,-422.11050540E-03
+2.99000E-06,-46.23116553E-03,-422.11050540E-03
+3.00000E-06,-46.23116553E-03,-261.30648702E-03
+3.01000E-06,-38.19096461E-03,-261.30648702E-03
+3.02000E-06,-38.19096461E-03,-341.70849621E-03
+3.03000E-06,-38.19096461E-03,-261.30648702E-03
+3.04000E-06,-38.19096461E-03,-261.30648702E-03
+3.05000E-06,-46.23116553E-03,-261.30648702E-03
+3.06000E-06,-46.23116553E-03,-180.90447783E-03
+3.07000E-06,-38.19096461E-03,-261.30648702E-03
+3.08000E-06,-46.23116553E-03,-180.90447783E-03
+3.09000E-06,-38.19096461E-03,-261.30648702E-03
+3.10000E-06,-38.19096461E-03,-180.90447783E-03
+3.11000E-06,-46.23116553E-03,-261.30648701E-03
+3.12000E-06,-38.19096461E-03,-261.30648702E-03
+3.13000E-06,-46.23116553E-03,-100.50246866E-03
+3.14000E-06,-46.23116553E-03,-180.90447783E-03
+3.15000E-06,-38.19096461E-03,-180.90447783E-03
+3.16000E-06,-46.23116553E-03,-180.90447782E-03
+3.17000E-06,-46.23116553E-03,-180.90447783E-03
+3.18000E-06,-38.19096461E-03,-100.50246865E-03
+3.19000E-06,-38.19096461E-03,-100.50246865E-03
+3.20000E-06,-46.23116553E-03,+60.30154973E-03
+3.21000E-06,-46.23116553E-03,-100.50246865E-03
+3.22000E-06,-62.31156737E-03,-100.50246865E-03
+3.23000E-06,-38.19096461E-03,-20.10045946E-03
+3.24000E-06,-54.27136645E-03,-20.10045946E-03
+3.25000E-06,-46.23116553E-03,-20.10045944E-03
+3.26000E-06,-46.23116553E-03,+60.30154973E-03
+3.27000E-06,-46.23116553E-03,+140.70355890E-03
+3.28000E-06,-54.27136645E-03,-20.10045944E-03
+3.29000E-06,-54.27136645E-03,+60.30154973E-03
+3.30000E-06,-54.27136645E-03,+60.30154973E-03
+3.31000E-06,-62.31156737E-03,+60.30154973E-03
+3.32000E-06,-54.27136645E-03,+60.30154973E-03
+3.33000E-06,-54.27136645E-03,+140.70355892E-03
+3.34000E-06,-46.23116553E-03,+60.30154973E-03
+3.35000E-06,-54.27136645E-03,+140.70355890E-03
+3.36000E-06,-62.31156737E-03,+60.30154973E-03
+3.37000E-06,-46.23116553E-03,+221.10556811E-03
+3.38000E-06,-46.23116553E-03,+221.10556811E-03
+3.39000E-06,-54.27136645E-03,+301.50757728E-03
+3.40000E-06,-46.23116553E-03,+60.30154973E-03
+3.41000E-06,-46.23116553E-03,+140.70355892E-03
+3.42000E-06,-46.23116553E-03,+221.10556811E-03
+3.43000E-06,-38.19096461E-03,+301.50757730E-03
+3.44000E-06,-30.15076369E-03,+301.50757730E-03
+3.45000E-06,-22.11056277E-03,+301.50757730E-03
+3.46000E-06,-30.15076369E-03,+221.10556811E-03
+3.47000E-06,-14.07036185E-03,+221.10556811E-03
+3.48000E-06,-14.07036185E-03,+381.90958651E-03
+3.49000E-06,-6.03016093E-03,+381.90958647E-03
+3.50000E-06,-6.03016093E-03,+301.50757732E-03
+3.51000E-06,+2.01003999E-03,+381.90958649E-03
+3.52000E-06,-6.03016093E-03,+381.90958649E-03
+3.53000E-06,+2.01003999E-03,+381.90958649E-03
+3.54000E-06,+2.01003999E-03,+381.90958649E-03
+3.55000E-06,+10.05024090E-03,+381.90958651E-03
+3.56000E-06,+18.09044182E-03,+462.31159566E-03
+3.57000E-06,+18.09044182E-03,+381.90958649E-03
+3.58000E-06,+26.13064274E-03,+462.31159568E-03
+3.59000E-06,+26.13064274E-03,+462.31159570E-03
+3.60000E-06,+34.17084366E-03,+542.71360487E-03
+3.61000E-06,+26.13064274E-03,+462.31159568E-03
+3.62000E-06,+34.17084366E-03,+542.71360487E-03
+3.63000E-06,+42.21104458E-03,+462.31159568E-03
+3.64000E-06,+34.17084366E-03,+542.71360487E-03
+3.65000E-06,+34.17084366E-03,+542.71360487E-03
+3.66000E-06,+50.25124550E-03,+542.71360487E-03
+3.67000E-06,+50.25124550E-03,+623.11561406E-03
+3.68000E-06,+42.21104458E-03,+542.71360487E-03
+3.69000E-06,+50.25124550E-03,+623.11561406E-03
+3.70000E-06,+58.29144642E-03,+542.71360487E-03
+3.71000E-06,+42.21104458E-03,+623.11561406E-03
+3.72000E-06,+50.25124550E-03,+623.11561406E-03
+3.73000E-06,+42.21104458E-03,+623.11561406E-03
+3.74000E-06,+58.29144642E-03,+703.51762323E-03
+3.75000E-06,+58.29144642E-03,+703.51762325E-03
+3.76000E-06,+58.29144642E-03,+623.11561406E-03
+3.77000E-06,+50.25124550E-03,+703.51762323E-03
+3.78000E-06,+58.29144642E-03,+623.11561406E-03
+3.79000E-06,+50.25124550E-03,+783.91963243E-03
+3.80000E-06,+58.29144642E-03,+864.32164162E-03
+3.81000E-06,+58.29144642E-03,+864.32164161E-03
+3.82000E-06,+58.29144642E-03,+783.91963245E-03
+3.83000E-06,+58.29144642E-03,+864.32164162E-03
+3.84000E-06,+58.29144642E-03,+783.91963243E-03
+3.85000E-06,+66.33164733E-03,+783.91963242E-03
+3.86000E-06,+58.29144642E-03,+864.32164162E-03
+3.87000E-06,+58.29144642E-03,+944.72365080E-03
+3.88000E-06,+58.29144642E-03,+944.72365081E-03
+3.89000E-06,+58.29144642E-03,+864.32164162E-03
+3.90000E-06,+58.29144642E-03,+944.72365081E-03
+3.91000E-06,+58.29144642E-03,+864.32164162E-03
+3.92000E-06,+58.29144642E-03,+944.72365081E-03
+3.93000E-06,+50.25124550E-03,+1.02512566000E+00
+3.94000E-06,+50.25124550E-03,+944.72365081E-03
+3.95000E-06,+50.25124550E-03,+944.72365081E-03
+3.96000E-06,+58.29144642E-03,+1.02512566000E+00
+3.97000E-06,+58.29144642E-03,+1.02512566000E+00
+3.98000E-06,+50.25124550E-03,+944.72365081E-03
+3.99000E-06,+58.29144642E-03,+1.02512566000E+00
+4.00000E-06,+58.29144642E-03,+1.02512566000E+00
+4.01000E-06,+50.25124550E-03,+1.02512566000E+00
+4.02000E-06,+66.33164734E-03,+1.02512566000E+00
+4.03000E-06,+42.21104458E-03,+1.10552766919E+00
+4.04000E-06,+58.29144642E-03,+1.10552766919E+00
+4.05000E-06,+50.25124550E-03,+1.10552766919E+00
+4.06000E-06,+58.29144642E-03,+1.10552766919E+00
+4.07000E-06,+58.29144642E-03,+1.18592967838E+00
+4.08000E-06,+58.29144642E-03,+1.10552766919E+00
+4.09000E-06,+50.25124550E-03,+1.18592967838E+00
+4.10000E-06,+58.29144642E-03,+1.18592967838E+00
+4.11000E-06,+58.29144642E-03,+1.10552766919E+00
+4.12000E-06,+58.29144642E-03,+1.18592967838E+00
+4.13000E-06,+58.29144642E-03,+1.18592967838E+00
+4.14000E-06,+58.29144642E-03,+1.18592967838E+00
+4.15000E-06,+50.25124550E-03,+1.18592967838E+00
+4.16000E-06,+50.25124550E-03,+1.10552766919E+00
+4.17000E-06,+58.29144642E-03,+1.26633168757E+00
+4.18000E-06,+50.25124550E-03,+1.26633168759E+00
+4.19000E-06,+50.25124550E-03,+1.26633168757E+00
+4.20000E-06,+50.25124550E-03,+1.26633168757E+00
+4.21000E-06,+50.25124550E-03,+1.26633168757E+00
+4.22000E-06,+50.25124550E-03,+1.26633168757E+00
+4.23000E-06,+58.29144642E-03,+1.34673369674E+00
+4.24000E-06,+42.21104458E-03,+1.34673369678E+00
+4.25000E-06,+50.25124550E-03,+1.34673369674E+00
+4.26000E-06,+50.25124550E-03,+1.42713570595E+00
+4.27000E-06,+50.25124550E-03,+1.42713570593E+00
+4.28000E-06,+42.21104458E-03,+1.34673369676E+00
+4.29000E-06,+50.25124550E-03,+1.50753771516E+00
+4.30000E-06,+50.25124550E-03,+1.42713570595E+00
+4.31000E-06,+50.25124550E-03,+1.50753771514E+00
+4.32000E-06,+50.25124550E-03,+1.58793972433E+00
+4.33000E-06,+42.21104458E-03,+1.50753771514E+00
+4.34000E-06,+50.25124550E-03,+1.58793972433E+00
+4.35000E-06,+42.21104458E-03,+1.50753771514E+00
+4.36000E-06,+50.25124550E-03,+1.50753771514E+00
+4.37000E-06,+50.25124550E-03,+1.58793972434E+00
+4.38000E-06,+50.25124550E-03,+1.58793972431E+00
+4.39000E-06,+50.25124550E-03,+1.58793972433E+00
+4.40000E-06,+50.25124550E-03,+1.50753771514E+00
+4.41000E-06,+50.25124550E-03,+1.66834173352E+00
+4.42000E-06,+42.21104458E-03,+1.58793972433E+00
+4.43000E-06,+50.25124550E-03,+1.74874374269E+00
+4.44000E-06,+50.25124550E-03,+1.74874374270E+00
+4.45000E-06,+42.21104458E-03,+1.66834173352E+00
+4.46000E-06,+42.21104458E-03,+1.66834173352E+00
+4.47000E-06,+50.25124550E-03,+1.66834173352E+00
+4.48000E-06,+50.25124550E-03,+1.58793972433E+00
+4.49000E-06,+58.29144642E-03,+1.66834173352E+00
+4.50000E-06,+42.21104458E-03,+1.74874374270E+00
+4.51000E-06,+50.25124550E-03,+1.74874374270E+00
+4.52000E-06,+42.21104458E-03,+1.82914575189E+00
+4.53000E-06,+42.21104458E-03,+1.66834173350E+00
+4.54000E-06,+58.29144642E-03,+1.82914575189E+00
+4.55000E-06,+50.25124550E-03,+1.74874374272E+00
+4.56000E-06,+58.29144642E-03,+1.90954776108E+00
+4.57000E-06,+42.21104458E-03,+1.98994977025E+00
+4.58000E-06,+58.29144642E-03,+1.82914575189E+00
+4.59000E-06,+42.21104458E-03,+1.90954776108E+00
+4.60000E-06,+42.21104458E-03,+1.98994977027E+00
+4.61000E-06,+42.21104458E-03,+1.90954776106E+00
+4.62000E-06,+58.29144642E-03,+1.98994977025E+00
+4.63000E-06,+42.21104458E-03,+1.90954776108E+00
+4.64000E-06,+50.25124550E-03,+1.90954776108E+00
+4.65000E-06,+42.21104458E-03,+1.90954776108E+00
+4.66000E-06,+50.25124550E-03,+1.82914575189E+00
+4.67000E-06,+50.25124550E-03,+1.74874374270E+00
+4.68000E-06,+34.17084366E-03,+1.82914575189E+00
+4.69000E-06,+50.25124550E-03,+1.74874374270E+00
+4.70000E-06,+50.25124550E-03,+1.74874374269E+00
+4.71000E-06,+50.25124550E-03,+1.82914575189E+00
+4.72000E-06,+50.25124550E-03,+1.74874374270E+00
+4.73000E-06,+42.21104458E-03,+1.74874374270E+00
+4.74000E-06,+50.25124550E-03,+1.66834173352E+00
+4.75000E-06,+42.21104458E-03,+1.66834173352E+00
+4.76000E-06,+42.21104458E-03,+1.74874374270E+00
+4.77000E-06,+42.21104458E-03,+1.66834173352E+00
+4.78000E-06,+42.21104458E-03,+1.58793972433E+00
+4.79000E-06,+34.17084366E-03,+1.58793972433E+00
+4.80000E-06,+42.21104458E-03,+1.66834173352E+00
+4.81000E-06,+42.21104458E-03,+1.66834173352E+00
+4.82000E-06,+34.17084366E-03,+1.74874374269E+00
+4.83000E-06,+42.21104458E-03,+1.58793972433E+00
+4.84000E-06,+34.17084366E-03,+1.58793972433E+00
+4.85000E-06,+34.17084366E-03,+1.58793972433E+00
+4.86000E-06,+42.21104458E-03,+1.58793972433E+00
+4.87000E-06,+26.13064274E-03,+1.58793972433E+00
+4.88000E-06,+26.13064274E-03,+1.58793972433E+00
+4.89000E-06,+26.13064274E-03,+1.50753771514E+00
+4.90000E-06,+26.13064274E-03,+1.42713570595E+00
+4.91000E-06,+18.09044182E-03,+1.42713570595E+00
+4.92000E-06,+18.09044182E-03,+1.42713570595E+00
+4.93000E-06,+18.09044182E-03,+1.42713570593E+00
+4.94000E-06,+26.13064274E-03,+1.42713570595E+00
+4.95000E-06,+18.09044182E-03,+1.42713570595E+00
+4.96000E-06,+18.09044182E-03,+1.42713570597E+00
+4.97000E-06,+18.09044182E-03,+1.50753771512E+00
+4.98000E-06,+10.05024091E-03,+1.26633168757E+00
+4.99000E-06,+18.09044182E-03,+1.34673369678E+00
+5.00000E-06,+26.13064274E-03,+1.34673369676E+00
+5.01000E-06,+18.09044182E-03,+1.26633168757E+00
+5.02000E-06,+18.09044182E-03,+1.26633168757E+00
+5.03000E-06,+18.09044182E-03,+1.26633168757E+00
+5.04000E-06,+10.05024090E-03,+1.34673369676E+00
+5.05000E-06,+18.09044182E-03,+1.34673369676E+00
+5.06000E-06,+18.09044182E-03,+1.26633168757E+00
+5.07000E-06,+26.13064274E-03,+1.26633168757E+00
+5.08000E-06,+18.09044182E-03,+1.26633168757E+00
+5.09000E-06,+18.09044182E-03,+1.18592967838E+00
+5.10000E-06,+26.13064274E-03,+1.18592967840E+00
+5.11000E-06,+18.09044182E-03,+1.18592967838E+00
+5.12000E-06,+18.09044182E-03,+1.18592967840E+00
+5.13000E-06,+18.09044182E-03,+1.10552766919E+00
+5.14000E-06,+26.13064274E-03,+1.10552766921E+00
+5.15000E-06,+26.13064274E-03,+1.10552766919E+00
+5.16000E-06,+18.09044182E-03,+1.18592967838E+00
+5.17000E-06,+18.09044182E-03,+1.18592967838E+00
+5.18000E-06,+18.09044182E-03,+1.10552766919E+00
+5.19000E-06,+18.09044182E-03,+1.10552766919E+00
+5.20000E-06,+18.09044182E-03,+1.10552766919E+00
+5.21000E-06,+18.09044182E-03,+1.02512565998E+00
+5.22000E-06,+26.13064274E-03,+1.02512566002E+00
+5.23000E-06,+18.09044182E-03,+944.72365081E-03
+5.24000E-06,+18.09044182E-03,+944.72365081E-03
+5.25000E-06,+26.13064274E-03,+1.02512566000E+00
+5.26000E-06,+34.17084366E-03,+944.72365081E-03
+5.27000E-06,+18.09044182E-03,+1.02512566000E+00
+5.28000E-06,+26.13064274E-03,+1.02512566000E+00
+5.29000E-06,+34.17084366E-03,+1.02512565998E+00
+5.30000E-06,+34.17084366E-03,+944.72365081E-03
+5.31000E-06,+26.13064274E-03,+864.32164162E-03
+5.32000E-06,+26.13064274E-03,+1.02512566000E+00
+5.33000E-06,+26.13064274E-03,+864.32164162E-03
+5.34000E-06,+34.17084366E-03,+783.91963243E-03
+5.35000E-06,+34.17084366E-03,+864.32164162E-03
+5.36000E-06,+26.13064274E-03,+783.91963243E-03
+5.37000E-06,+34.17084366E-03,+783.91963243E-03
+5.38000E-06,+18.09044182E-03,+783.91963246E-03
+5.39000E-06,+26.13064274E-03,+783.91963243E-03
+5.40000E-06,+34.17084366E-03,+783.91963243E-03
+5.41000E-06,+34.17084366E-03,+783.91963243E-03
+5.42000E-06,+34.17084366E-03,+783.91963243E-03
+5.43000E-06,+42.21104458E-03,+703.51762325E-03
+5.44000E-06,+34.17084366E-03,+623.11561406E-03
+5.45000E-06,+42.21104458E-03,+783.91963243E-03
+5.46000E-06,+42.21104458E-03,+703.51762325E-03
+5.47000E-06,+34.17084366E-03,+623.11561404E-03
+5.48000E-06,+50.25124550E-03,+783.91963241E-03
+5.49000E-06,+50.25124550E-03,+623.11561406E-03
+5.50000E-06,+50.25124550E-03,+623.11561406E-03
+5.51000E-06,+50.25124550E-03,+542.71360487E-03
+5.52000E-06,+50.25124550E-03,+623.11561406E-03
+5.53000E-06,+50.25124550E-03,+542.71360487E-03
+5.54000E-06,+50.25124550E-03,+542.71360487E-03
+5.55000E-06,+58.29144642E-03,+542.71360487E-03
+5.56000E-06,+58.29144642E-03,+542.71360487E-03
+5.57000E-06,+58.29144642E-03,+462.31159568E-03
+5.58000E-06,+58.29144642E-03,+462.31159568E-03
+5.59000E-06,+74.37184825E-03,+462.31159568E-03
+5.60000E-06,+66.33164734E-03,+462.31159568E-03
+5.61000E-06,+66.33164734E-03,+462.31159568E-03
+5.62000E-06,+66.33164734E-03,+462.31159568E-03
+5.63000E-06,+66.33164734E-03,+542.71360485E-03
+5.64000E-06,+58.29144642E-03,+381.90958651E-03
+5.65000E-06,+82.41204917E-03,+542.71360487E-03
+5.66000E-06,+74.37184826E-03,+381.90958649E-03
+5.67000E-06,+82.41204917E-03,+381.90958649E-03
+5.68000E-06,+82.41204917E-03,+381.90958649E-03
+5.69000E-06,+82.41204917E-03,+301.50757730E-03
+5.70000E-06,+82.41204917E-03,+381.90958649E-03
+5.71000E-06,+82.41204917E-03,+301.50757730E-03
+5.72000E-06,+98.49245101E-03,+301.50757730E-03
+5.73000E-06,+90.45225009E-03,+301.50757730E-03
+5.74000E-06,+98.49245101E-03,+301.50757730E-03
+5.75000E-06,+98.49245101E-03,+301.50757728E-03
+5.76000E-06,+98.49245101E-03,+221.10556811E-03
+5.77000E-06,+98.49245101E-03,+221.10556811E-03
+5.78000E-06,+106.53265193E-03,+221.10556813E-03
+5.79000E-06,+114.57285285E-03,+221.10556811E-03
+5.80000E-06,+106.53265193E-03,+140.70355892E-03
+5.81000E-06,+106.53265193E-03,+301.50757730E-03
+5.82000E-06,+114.57285285E-03,+60.30154973E-03
+5.83000E-06,+114.57285285E-03,+140.70355894E-03
+5.84000E-06,+114.57285285E-03,+221.10556811E-03
+5.85000E-06,+114.57285285E-03,+60.30154973E-03
+5.86000E-06,+130.65325469E-03,+140.70355890E-03
+5.87000E-06,+122.61305377E-03,+140.70355892E-03
+5.88000E-06,+130.65325469E-03,+60.30154973E-03
+5.89000E-06,+130.65325469E-03,+60.30154973E-03
+5.90000E-06,+138.69345560E-03,+140.70355890E-03
+5.91000E-06,+130.65325469E-03,+60.30154973E-03
+5.92000E-06,+146.73365653E-03,+60.30154973E-03
+5.93000E-06,+130.65325469E-03,-20.10045946E-03
+5.94000E-06,+138.69345561E-03,+60.30154973E-03
+5.95000E-06,+146.73365653E-03,+60.30154971E-03
+5.96000E-06,+138.69345561E-03,+60.30154973E-03
+5.97000E-06,+146.73365653E-03,-20.10045946E-03
+5.98000E-06,+138.69345561E-03,-20.10045944E-03
+5.99000E-06,+154.77385744E-03,-20.10045946E-03
+6.00000E-06,+154.77385744E-03,+60.30154971E-03
+6.01000E-06,+162.81405836E-03,-100.50246862E-03
+6.02000E-06,+154.77385745E-03,-100.50246865E-03
+6.03000E-06,+146.73365653E-03,-180.90447783E-03
+6.04000E-06,+154.77385744E-03,-100.50246865E-03
+6.05000E-06,+146.73365653E-03,-100.50246865E-03
+6.06000E-06,+154.77385744E-03,-100.50246865E-03
+6.07000E-06,+154.77385744E-03,-100.50246865E-03
+6.08000E-06,+146.73365653E-03,-180.90447783E-03
+6.09000E-06,+154.77385744E-03,-180.90447783E-03
+6.10000E-06,+162.81405836E-03,-180.90447783E-03
+6.11000E-06,+146.73365652E-03,-180.90447783E-03
+6.12000E-06,+146.73365653E-03,-261.30648702E-03
+6.13000E-06,+130.65325469E-03,-100.50246865E-03
+6.14000E-06,+146.73365653E-03,-180.90447783E-03
+6.15000E-06,+130.65325469E-03,-261.30648702E-03
+6.16000E-06,+138.69345561E-03,-180.90447783E-03
+6.17000E-06,+138.69345561E-03,-261.30648702E-03
+6.18000E-06,+138.69345561E-03,-261.30648702E-03
+6.19000E-06,+130.65325469E-03,-341.70849621E-03
+6.20000E-06,+122.61305377E-03,-261.30648702E-03
+6.21000E-06,+114.57285285E-03,-341.70849623E-03
+6.22000E-06,+114.57285285E-03,-341.70849621E-03
+6.23000E-06,+122.61305377E-03,-261.30648702E-03
+6.24000E-06,+114.57285285E-03,-261.30648702E-03
+6.25000E-06,+106.53265193E-03,-341.70849621E-03
+6.26000E-06,+106.53265193E-03,-422.11050540E-03
+6.27000E-06,+106.53265193E-03,-341.70849621E-03
+6.28000E-06,+98.49245101E-03,-502.51251459E-03
+6.29000E-06,+90.45225009E-03,-422.11050540E-03
+6.30000E-06,+98.49245101E-03,-422.11050540E-03
+6.31000E-06,+90.45225009E-03,-502.51251459E-03
+6.32000E-06,+90.45225009E-03,-341.70849623E-03
+6.33000E-06,+90.45225009E-03,-502.51251459E-03
+6.34000E-06,+90.45225009E-03,-502.51251459E-03
+6.35000E-06,+82.41204917E-03,-582.91452378E-03
+6.36000E-06,+74.37184826E-03,-502.51251461E-03
+6.37000E-06,+66.33164734E-03,-663.31653297E-03
+6.38000E-06,+74.37184826E-03,-582.91452378E-03
+6.39000E-06,+74.37184826E-03,-502.51251459E-03
+6.40000E-06,+66.33164734E-03,-663.31653295E-03
+6.41000E-06,+66.33164734E-03,-582.91452380E-03
+6.42000E-06,+66.33164734E-03,-663.31653297E-03
+6.43000E-06,+42.21104458E-03,-663.31653297E-03
+6.44000E-06,+58.29144642E-03,-663.31653295E-03
+6.45000E-06,+50.25124550E-03,-663.31653297E-03
+6.46000E-06,+42.21104458E-03,-743.71854216E-03
+6.47000E-06,+34.17084366E-03,-743.71854216E-03
+6.48000E-06,+42.21104458E-03,-743.71854216E-03
+6.49000E-06,+42.21104458E-03,-663.31653297E-03
+6.50000E-06,+42.21104458E-03,-743.71854216E-03
+6.51000E-06,+42.21104458E-03,-663.31653297E-03
+6.52000E-06,+34.17084366E-03,-743.71854216E-03
+6.53000E-06,+34.17084366E-03,-743.71854216E-03
+6.54000E-06,+26.13064274E-03,-824.12055135E-03
+6.55000E-06,+34.17084366E-03,-824.12055135E-03
+6.56000E-06,+18.09044182E-03,-663.31653299E-03
+6.57000E-06,+26.13064274E-03,-824.12055135E-03
+6.58000E-06,+18.09044182E-03,-904.52256054E-03
+6.59000E-06,+10.05024090E-03,-904.52256054E-03
+6.60000E-06,+2.01003999E-03,-904.52256054E-03
+6.61000E-06,+10.05024090E-03,-984.92456973E-03
+6.62000E-06,+10.05024090E-03,-904.52256054E-03
+6.63000E-06,+10.05024091E-03,-904.52256054E-03
+6.64000E-06,-6.03016093E-03,-904.52256054E-03
+6.65000E-06,+2.01003999E-03,-1.06532657892E+00
+6.66000E-06,-6.03016093E-03,-904.52256056E-03
+6.67000E-06,-6.03016093E-03,-1.06532657892E+00
+6.68000E-06,-14.07036185E-03,-1.06532657892E+00
+6.69000E-06,-6.03016093E-03,-984.92456970E-03
+6.70000E-06,-6.03016093E-03,-984.92456975E-03
+6.71000E-06,-14.07036185E-03,-984.92456973E-03
+6.72000E-06,-14.07036185E-03,-1.06532657892E+00
+6.73000E-06,-22.11056277E-03,-1.06532657892E+00
+6.74000E-06,-14.07036185E-03,-1.06532657892E+00
+6.75000E-06,-14.07036185E-03,-1.14572858810E+00
+6.76000E-06,-14.07036185E-03,-1.14572858810E+00
+6.77000E-06,-30.15076369E-03,-1.06532657892E+00
+6.78000E-06,-22.11056277E-03,-1.14572858810E+00
+6.79000E-06,-22.11056277E-03,-984.92456973E-03
+6.80000E-06,-22.11056277E-03,-1.22613059729E+00
+6.81000E-06,-30.15076369E-03,-1.14572858810E+00
+6.82000E-06,-22.11056277E-03,-1.30653260648E+00
+6.83000E-06,-22.11056277E-03,-1.22613059729E+00
+6.84000E-06,-30.15076369E-03,-1.22613059729E+00
+6.85000E-06,-30.15076369E-03,-1.14572858810E+00
+6.86000E-06,-30.15076369E-03,-1.22613059732E+00
+6.87000E-06,-30.15076369E-03,-1.30653260648E+00
+6.88000E-06,-30.15076369E-03,-1.30653260648E+00
+6.89000E-06,-38.19096461E-03,-1.30653260648E+00
+6.90000E-06,-30.15076369E-03,-1.38693461567E+00
+6.91000E-06,-30.15076369E-03,-1.30653260650E+00
+6.92000E-06,-38.19096461E-03,-1.38693461565E+00
+6.93000E-06,-46.23116553E-03,-1.46733662486E+00
+6.94000E-06,-38.19096461E-03,-1.30653260648E+00
+6.95000E-06,-30.15076369E-03,-1.38693461567E+00
+6.96000E-06,-30.15076369E-03,-1.38693461567E+00
+6.97000E-06,-38.19096461E-03,-1.30653260648E+00
+6.98000E-06,-38.19096461E-03,-1.46733662486E+00
+6.99000E-06,-38.19096461E-03,-1.46733662488E+00
+7.00000E-06,-30.15076369E-03,-1.54773863403E+00
+7.01000E-06,-38.19096461E-03,-1.46733662486E+00
+7.02000E-06,-30.15076369E-03,-1.46733662486E+00
+7.03000E-06,-38.19096461E-03,-1.46733662484E+00
+7.04000E-06,-46.23116553E-03,-1.46733662486E+00
+7.05000E-06,-30.15076369E-03,-1.46733662486E+00
+7.06000E-06,-38.19096461E-03,-1.54773863407E+00
+7.07000E-06,-38.19096461E-03,-1.62814064324E+00
+7.08000E-06,-38.19096461E-03,-1.54773863405E+00
+7.09000E-06,-30.15076369E-03,-1.54773863405E+00
+7.10000E-06,-46.23116553E-03,-1.62814064326E+00
+7.11000E-06,-46.23116553E-03,-1.62814064324E+00
+7.12000E-06,-38.19096461E-03,-1.62814064324E+00
+7.13000E-06,-46.23116553E-03,-1.78894466162E+00
+7.14000E-06,-46.23116553E-03,-1.62814064324E+00
+7.15000E-06,-30.15076369E-03,-1.62814064324E+00
+7.16000E-06,-46.23116553E-03,-1.70854265243E+00
+7.17000E-06,-38.19096461E-03,-1.62814064324E+00
+7.18000E-06,-46.23116553E-03,-1.70854265243E+00
+7.19000E-06,-38.19096461E-03,-1.62814064324E+00
+7.20000E-06,-38.19096461E-03,-1.78894466162E+00
+7.21000E-06,-38.19096461E-03,-1.86934667081E+00
+7.22000E-06,-38.19096461E-03,-1.78894466162E+00
+7.23000E-06,-38.19096461E-03,-1.78894466162E+00
+7.24000E-06,-38.19096461E-03,-1.78894466162E+00
+7.25000E-06,-38.19096461E-03,-1.86934667083E+00
+7.26000E-06,-54.27136645E-03,-1.78894466162E+00
+7.27000E-06,-38.19096461E-03,-1.78894466162E+00
+7.28000E-06,-46.23116553E-03,-1.86934667081E+00
+7.29000E-06,-38.19096461E-03,-1.94974868000E+00
+7.30000E-06,-38.19096461E-03,-1.86934667081E+00
+7.31000E-06,-46.23116553E-03,-1.86934667081E+00
+7.32000E-06,-38.19096461E-03,-1.94974868000E+00
+7.33000E-06,-46.23116553E-03,-1.94974867997E+00
+7.34000E-06,-38.19096461E-03,-1.94974868000E+00
+7.35000E-06,-46.23116553E-03,-1.86934667081E+00
+7.36000E-06,-38.19096461E-03,-1.94974868000E+00
+7.37000E-06,-38.19096461E-03,-1.94974868000E+00
+7.38000E-06,-38.19096461E-03,-2.03015068918E+00
+7.39000E-06,-46.23116553E-03,-1.94974868000E+00
+7.40000E-06,-38.19096461E-03,-2.03015068918E+00
+7.41000E-06,-38.19096461E-03,-1.94974868002E+00
+7.42000E-06,-46.23116553E-03,-2.11055269837E+00
+7.43000E-06,-38.19096461E-03,-2.11055269837E+00
+7.44000E-06,-38.19096461E-03,-2.03015068918E+00
+7.45000E-06,-38.19096461E-03,-2.03015068918E+00
+7.46000E-06,-38.19096461E-03,-1.94974868000E+00
+7.47000E-06,-38.19096461E-03,-1.94974868000E+00
+7.48000E-06,-38.19096461E-03,-1.94974868000E+00
+7.49000E-06,-38.19096461E-03,-1.94974868000E+00
+7.50000E-06,-38.19096461E-03,-1.94974868000E+00
+7.51000E-06,-38.19096461E-03,-1.94974868000E+00
+7.52000E-06,-38.19096461E-03,-1.94974868000E+00
+7.53000E-06,-38.19096461E-03,-1.86934667081E+00
+7.54000E-06,-30.15076369E-03,-1.94974867997E+00
+7.55000E-06,-38.19096461E-03,-1.86934667081E+00
+7.56000E-06,-38.19096461E-03,-1.78894466162E+00
+7.57000E-06,-38.19096461E-03,-1.78894466162E+00
+7.58000E-06,-38.19096461E-03,-1.78894466164E+00
+7.59000E-06,-38.19096461E-03,-1.86934667081E+00
+7.60000E-06,-38.19096461E-03,-1.86934667081E+00
+7.61000E-06,-46.23116553E-03,-1.70854265243E+00
+7.62000E-06,-46.23116553E-03,-1.78894466159E+00
+7.63000E-06,-38.19096461E-03,-1.70854265243E+00
+7.64000E-06,-38.19096461E-03,-1.78894466162E+00
+7.65000E-06,-38.19096461E-03,-1.70854265243E+00
+7.66000E-06,-30.15076369E-03,-1.70854265243E+00
+7.67000E-06,-38.19096461E-03,-1.70854265243E+00
+7.68000E-06,-30.15076369E-03,-1.70854265243E+00
+7.69000E-06,-38.19096461E-03,-1.70854265243E+00
+7.70000E-06,-38.19096461E-03,-1.62814064326E+00
+7.71000E-06,-38.19096461E-03,-1.62814064324E+00
+7.72000E-06,-38.19096461E-03,-1.62814064324E+00
+7.73000E-06,-38.19096461E-03,-1.70854265243E+00
+7.74000E-06,-38.19096461E-03,-1.62814064324E+00
+7.75000E-06,-38.19096461E-03,-1.46733662486E+00
+7.76000E-06,-38.19096461E-03,-1.54773863405E+00
+7.77000E-06,-38.19096461E-03,-1.54773863405E+00
+7.78000E-06,-38.19096461E-03,-1.54773863405E+00
+7.79000E-06,-38.19096461E-03,-1.54773863403E+00
+7.80000E-06,-38.19096461E-03,-1.46733662484E+00
+7.81000E-06,-38.19096461E-03,-1.54773863405E+00
+7.82000E-06,-30.15076369E-03,-1.46733662486E+00
+7.83000E-06,-30.15076369E-03,-1.46733662486E+00
+7.84000E-06,-30.15076369E-03,-1.46733662486E+00
+7.85000E-06,-46.23116553E-03,-1.30653260648E+00
+7.86000E-06,-38.19096461E-03,-1.46733662486E+00
+7.87000E-06,-30.15076369E-03,-1.30653260648E+00
+7.88000E-06,-46.23116553E-03,-1.38693461565E+00
+7.89000E-06,-46.23116553E-03,-1.46733662486E+00
+7.90000E-06,-54.27136645E-03,-1.38693461567E+00
+7.91000E-06,-38.19096461E-03,-1.38693461565E+00
+7.92000E-06,-46.23116553E-03,-1.30653260648E+00
+7.93000E-06,-38.19096461E-03,-1.30653260651E+00
+7.94000E-06,-46.23116553E-03,-1.30653260648E+00
+7.95000E-06,-38.19096461E-03,-1.22613059732E+00
+7.96000E-06,-38.19096461E-03,-1.22613059729E+00
+7.97000E-06,-38.19096461E-03,-1.22613059729E+00
+7.98000E-06,-38.19096461E-03,-1.22613059729E+00
+7.99000E-06,-30.15076369E-03,-1.22613059729E+00
+8.00000E-06,-38.19096461E-03,-1.22613059727E+00
+8.01000E-06,-46.23116553E-03,-1.22613059729E+00
+8.02000E-06,-46.23116553E-03,-1.22613059729E+00
+8.03000E-06,-46.23116553E-03,-1.14572858810E+00
+8.04000E-06,-38.19096461E-03,-1.14572858810E+00
+8.05000E-06,-38.19096461E-03,-1.22613059727E+00
+8.06000E-06,-38.19096461E-03,-1.22613059729E+00
+8.07000E-06,-46.23116553E-03,-984.92456975E-03
+8.08000E-06,-38.19096461E-03,-1.06532657894E+00
+8.09000E-06,-30.15076369E-03,-1.14572858810E+00
+8.10000E-06,-46.23116553E-03,-1.06532657892E+00
+8.11000E-06,-46.23116553E-03,-1.06532657892E+00
+8.12000E-06,-38.19096461E-03,-984.92456973E-03
+8.13000E-06,-30.15076369E-03,-1.06532657892E+00
+8.14000E-06,-38.19096461E-03,-984.92456973E-03
+8.15000E-06,-46.23116553E-03,-984.92456973E-03
+8.16000E-06,-38.19096461E-03,-904.52256054E-03
+8.17000E-06,-38.19096461E-03,-984.92456973E-03
+8.18000E-06,-30.15076369E-03,-984.92456973E-03
+8.19000E-06,-38.19096461E-03,-984.92456973E-03
+8.20000E-06,-38.19096461E-03,-904.52256054E-03
+8.21000E-06,-46.23116553E-03,-824.12055135E-03
+8.22000E-06,-38.19096461E-03,-904.52256054E-03
+8.23000E-06,-46.23116553E-03,-1.06532657889E+00
+8.24000E-06,-30.15076369E-03,-824.12055135E-03
+8.25000E-06,-30.15076369E-03,-904.52256054E-03
+8.26000E-06,-38.19096461E-03,-824.12055135E-03
+8.27000E-06,-46.23116553E-03,-824.12055135E-03
+8.28000E-06,-38.19096461E-03,-824.12055132E-03
+8.29000E-06,-38.19096461E-03,-824.12055135E-03
+8.30000E-06,-38.19096461E-03,-824.12055135E-03
+8.31000E-06,-38.19096461E-03,-824.12055135E-03
+8.32000E-06,-38.19096461E-03,-824.12055132E-03
+8.33000E-06,-38.19096461E-03,-743.71854218E-03
+8.34000E-06,-38.19096461E-03,-824.12055135E-03
+8.35000E-06,-38.19096461E-03,-743.71854216E-03
+8.36000E-06,-38.19096461E-03,-743.71854216E-03
+8.37000E-06,-38.19096461E-03,-663.31653297E-03
+8.38000E-06,-46.23116553E-03,-663.31653297E-03
+8.39000E-06,-30.15076369E-03,-743.71854213E-03
+8.40000E-06,-38.19096461E-03,-663.31653297E-03
+8.41000E-06,-46.23116553E-03,-663.31653299E-03
+8.42000E-06,-38.19096461E-03,-663.31653297E-03
+8.43000E-06,-30.15076369E-03,-582.91452378E-03
+8.44000E-06,-46.23116553E-03,-502.51251462E-03
+8.45000E-06,-38.19096461E-03,-582.91452380E-03
+8.46000E-06,-38.19096461E-03,-582.91452378E-03
+8.47000E-06,-38.19096461E-03,-582.91452378E-03
+8.48000E-06,-30.15076369E-03,-502.51251459E-03
+8.49000E-06,-38.19096461E-03,-582.91452378E-03
+8.50000E-06,-30.15076369E-03,-502.51251459E-03
+8.51000E-06,-30.15076369E-03,-502.51251459E-03
+8.52000E-06,-38.19096461E-03,-502.51251459E-03
+8.53000E-06,-38.19096461E-03,-502.51251459E-03
+8.54000E-06,-38.19096461E-03,-582.91452376E-03
+8.55000E-06,-38.19096461E-03,-422.11050543E-03
+8.56000E-06,-46.23116553E-03,-422.11050540E-03
+8.57000E-06,-38.19096461E-03,-422.11050540E-03
+8.58000E-06,-46.23116553E-03,-502.51251459E-03
+8.59000E-06,-38.19096461E-03,-502.51251459E-03
+8.60000E-06,-38.19096461E-03,-422.11050538E-03
+8.61000E-06,-46.23116553E-03,-261.30648702E-03
+8.62000E-06,-38.19096461E-03,-341.70849619E-03
+8.63000E-06,-30.15076369E-03,-422.11050540E-03
+8.64000E-06,-30.15076369E-03,-422.11050540E-03
+8.65000E-06,-30.15076369E-03,-422.11050540E-03
+8.66000E-06,-30.15076369E-03,-261.30648702E-03
+8.67000E-06,-30.15076369E-03,-261.30648702E-03
+8.68000E-06,-38.19096461E-03,-180.90447783E-03
+8.69000E-06,-38.19096461E-03,-180.90447783E-03
+8.70000E-06,-38.19096461E-03,-261.30648702E-03
+8.71000E-06,-38.19096461E-03,-261.30648702E-03
+8.72000E-06,-38.19096461E-03,-261.30648702E-03
+8.73000E-06,-46.23116553E-03,-261.30648702E-03
+8.74000E-06,-46.23116553E-03,-180.90447783E-03
+8.75000E-06,-30.15076369E-03,-261.30648702E-03
+8.76000E-06,-38.19096461E-03,-100.50246865E-03
+8.77000E-06,-38.19096461E-03,-180.90447783E-03
+8.78000E-06,-38.19096461E-03,-100.50246865E-03
+8.79000E-06,-46.23116553E-03,-180.90447783E-03
+8.80000E-06,-46.23116553E-03,-180.90447783E-03
+8.81000E-06,-46.23116553E-03,-100.50246865E-03
+8.82000E-06,-38.19096461E-03,-100.50246865E-03
+8.83000E-06,-46.23116553E-03,+60.30154973E-03
+8.84000E-06,-46.23116553E-03,-100.50246865E-03
+8.85000E-06,-46.23116553E-03,-20.10045948E-03
+8.86000E-06,-54.27136645E-03,-100.50246865E-03
+8.87000E-06,-54.27136644E-03,-100.50246862E-03
+8.88000E-06,-46.23116553E-03,+60.30154973E-03
+8.89000E-06,-54.27136645E-03,-20.10045946E-03
+8.90000E-06,-54.27136645E-03,+60.30154973E-03
+8.91000E-06,-54.27136645E-03,+60.30154976E-03
+8.92000E-06,-54.27136645E-03,+60.30154973E-03
+8.93000E-06,-46.23116553E-03,+60.30154973E-03
+8.94000E-06,-54.27136645E-03,+60.30154976E-03
+8.95000E-06,-62.31156737E-03,+60.30154973E-03
+8.96000E-06,-54.27136645E-03,+60.30154973E-03
+8.97000E-06,-54.27136645E-03,+221.10556811E-03
+8.98000E-06,-54.27136645E-03,+60.30154973E-03
+8.99000E-06,-54.27136645E-03,+140.70355892E-03
+9.00000E-06,-46.23116553E-03,+60.30154973E-03
+9.01000E-06,-54.27136645E-03,+140.70355892E-03
+9.02000E-06,-46.23116553E-03,+140.70355892E-03
+9.03000E-06,-46.23116553E-03,+301.50757730E-03
+9.04000E-06,-46.23116553E-03,+221.10556811E-03
+9.05000E-06,-46.23116553E-03,+140.70355892E-03
+9.06000E-06,-38.19096461E-03,+140.70355892E-03
+9.07000E-06,-30.15076369E-03,+221.10556814E-03
+9.08000E-06,-30.15076369E-03,+301.50757730E-03
+9.09000E-06,-22.11056277E-03,+221.10556811E-03
+9.10000E-06,-30.15076369E-03,+301.50757730E-03
+9.11000E-06,-22.11056277E-03,+301.50757730E-03
+9.12000E-06,-6.03016094E-03,+221.10556811E-03
+9.13000E-06,-14.07036185E-03,+381.90958649E-03
+9.14000E-06,+2.01003998E-03,+301.50757730E-03
+9.15000E-06,+2.01003999E-03,+221.10556811E-03
+9.16000E-06,+2.01003999E-03,+462.31159568E-03
+9.17000E-06,+10.05024090E-03,+381.90958649E-03
+9.18000E-06,+10.05024090E-03,+462.31159568E-03
+9.19000E-06,+26.13064274E-03,+381.90958649E-03
+9.20000E-06,+26.13064274E-03,+462.31159568E-03
+9.21000E-06,+34.17084366E-03,+381.90958649E-03
+9.22000E-06,+34.17084366E-03,+462.31159568E-03
+9.23000E-06,+26.13064274E-03,+381.90958649E-03
+9.24000E-06,+26.13064274E-03,+542.71360487E-03
+9.25000E-06,+34.17084366E-03,+462.31159568E-03
+9.26000E-06,+42.21104458E-03,+462.31159568E-03
+9.27000E-06,+34.17084366E-03,+623.11561406E-03
+9.28000E-06,+50.25124550E-03,+542.71360487E-03
+9.29000E-06,+42.21104458E-03,+703.51762322E-03
+9.30000E-06,+42.21104458E-03,+542.71360487E-03
+9.31000E-06,+50.25124550E-03,+623.11561406E-03
+9.32000E-06,+42.21104458E-03,+623.11561406E-03
+9.33000E-06,+42.21104458E-03,+542.71360487E-03
+9.34000E-06,+42.21104458E-03,+623.11561406E-03
+9.35000E-06,+42.21104458E-03,+703.51762325E-03
+9.36000E-06,+50.25124550E-03,+703.51762325E-03
+9.37000E-06,+50.25124550E-03,+703.51762325E-03
+9.38000E-06,+50.25124550E-03,+623.11561406E-03
+9.39000E-06,+50.25124550E-03,+703.51762325E-03
+9.40000E-06,+42.21104458E-03,+703.51762327E-03
+9.41000E-06,+50.25124550E-03,+703.51762325E-03
+9.42000E-06,+58.29144641E-03,+703.51762325E-03
+9.43000E-06,+50.25124550E-03,+783.91963243E-03
+9.44000E-06,+50.25124550E-03,+703.51762325E-03
+9.45000E-06,+42.21104458E-03,+703.51762325E-03
+9.46000E-06,+58.29144642E-03,+783.91963243E-03
+9.47000E-06,+50.25124550E-03,+944.72365079E-03
+9.48000E-06,+58.29144642E-03,+783.91963243E-03
+9.49000E-06,+50.25124550E-03,+944.72365081E-03
+9.50000E-06,+66.33164733E-03,+864.32164162E-03
+9.51000E-06,+58.29144642E-03,+864.32164165E-03
+9.52000E-06,+50.25124550E-03,+864.32164162E-03
+9.53000E-06,+58.29144642E-03,+944.72365081E-03
+9.54000E-06,+42.21104458E-03,+944.72365081E-03
+9.55000E-06,+50.25124550E-03,+944.72365079E-03
+9.56000E-06,+42.21104458E-03,+944.72365081E-03
+9.57000E-06,+66.33164733E-03,+944.72365081E-03
+9.58000E-06,+50.25124550E-03,+1.02512566003E+00
+9.59000E-06,+50.25124550E-03,+1.02512566000E+00
+9.60000E-06,+50.25124550E-03,+1.02512566000E+00
+9.61000E-06,+50.25124550E-03,+1.02512566000E+00
+9.62000E-06,+50.25124550E-03,+1.02512566003E+00
+9.63000E-06,+58.29144642E-03,+1.02512566000E+00
+9.64000E-06,+50.25124550E-03,+1.10552766919E+00
+9.65000E-06,+50.25124550E-03,+1.10552766919E+00
+9.66000E-06,+50.25124550E-03,+1.02512566000E+00
+9.67000E-06,+50.25124550E-03,+1.02512566000E+00
+9.68000E-06,+42.21104458E-03,+1.02512566000E+00
+9.69000E-06,+50.25124550E-03,+1.10552766919E+00
+9.70000E-06,+50.25124550E-03,+1.10552766919E+00
+9.71000E-06,+50.25124550E-03,+1.10552766919E+00
+9.72000E-06,+58.29144641E-03,+1.18592967838E+00
+9.73000E-06,+50.25124550E-03,+1.26633168754E+00
+9.74000E-06,+42.21104458E-03,+1.26633168757E+00
+9.75000E-06,+42.21104458E-03,+1.18592967838E+00
+9.76000E-06,+58.29144641E-03,+1.26633168754E+00
+9.77000E-06,+42.21104458E-03,+1.18592967838E+00
+9.78000E-06,+50.25124550E-03,+1.26633168754E+00
+9.79000E-06,+50.25124550E-03,+1.18592967838E+00
+9.80000E-06,+50.25124550E-03,+1.26633168757E+00
+9.81000E-06,+50.25124550E-03,+1.26633168757E+00
+9.82000E-06,+50.25124550E-03,+1.26633168757E+00
+9.83000E-06,+50.25124550E-03,+1.34673369673E+00
+9.84000E-06,+50.25124550E-03,+1.34673369676E+00
+9.85000E-06,+50.25124550E-03,+1.42713570595E+00
+9.86000E-06,+58.29144641E-03,+1.34673369676E+00
+9.87000E-06,+50.25124550E-03,+1.34673369676E+00
+9.88000E-06,+50.25124550E-03,+1.34673369676E+00
+9.89000E-06,+50.25124550E-03,+1.42713570592E+00
+9.90000E-06,+42.21104458E-03,+1.34673369676E+00
+9.91000E-06,+42.21104458E-03,+1.42713570595E+00
+9.92000E-06,+50.25124550E-03,+1.42713570595E+00
+9.93000E-06,+42.21104458E-03,+1.50753771514E+00
+9.94000E-06,+42.21104458E-03,+1.50753771514E+00
+9.95000E-06,+50.25124550E-03,+1.50753771514E+00
+9.96000E-06,+50.25124550E-03,+1.58793972433E+00
+9.97000E-06,+50.25124550E-03,+1.50753771514E+00
+9.98000E-06,+50.25124550E-03,+1.58793972433E+00
+9.99000E-06,+58.29144642E-03,+1.58793972433E+00
